交易日期,ETF代码,收盘价
2014-01-02,511880.SH,75.21
2014-01-03,511880.SH,75.286
2014-01-06,511880.SH,75.297
2014-01-07,511880.SH,75.329
2014-01-08,511880.SH,75.322
2014-01-09,511880.SH,75.332
2014-01-10,511880.SH,75.351
2014-01-13,511880.SH,75.37
2014-01-14,511880.SH,75.392
2014-01-15,511880.SH,75.403
2014-01-16,511880.SH,75.434
2014-01-17,511880.SH,75.432
2014-01-20,511880.SH,75.407
2014-01-21,511880.SH,75.424
2014-01-22,511880.SH,75.465
2014-01-23,511880.SH,75.496
2014-01-24,511880.SH,75.527
2014-01-27,511880.SH,75.538
2014-01-28,511880.SH,75.555
2014-01-29,511880.SH,75.655
2014-01-30,511880.SH,75.773
2014-02-07,511880.SH,75.738
2014-02-10,511880.SH,75.725
2014-02-11,511880.SH,75.726
2014-02-12,511880.SH,75.75
2014-02-13,511880.SH,75.77
2014-02-14,511880.SH,75.854
2014-02-17,511880.SH,75.908
2014-02-18,511880.SH,75.943
2014-02-19,511880.SH,75.895
2014-02-20,511880.SH,75.849
2014-02-21,511880.SH,75.878
2014-02-24,511880.SH,75.881
2014-02-25,511880.SH,75.894
2014-02-26,511880.SH,75.905
2014-02-27,511880.SH,75.907
2014-02-28,511880.SH,75.924
2014-03-03,511880.SH,75.955
2014-03-04,511880.SH,75.989
2014-03-05,511880.SH,76.005
2014-03-06,511880.SH,76.006
2014-03-07,511880.SH,76.038
2014-03-10,511880.SH,76.043
2014-03-11,511880.SH,76.051
2014-03-12,511880.SH,76.043
2014-03-13,511880.SH,76.033
2014-03-14,511880.SH,76.049
2014-03-17,511880.SH,76.06
2014-03-18,511880.SH,76.072
2014-03-19,511880.SH,76.075
2014-03-20,511880.SH,76.078
2014-03-21,511880.SH,76.098
2014-03-24,511880.SH,76.099
2014-03-25,511880.SH,76.099
2014-03-26,511880.SH,76.117
2014-03-27,511880.SH,76.104
2014-03-28,511880.SH,76.099
2014-03-31,511880.SH,76.159
2014-04-01,511880.SH,76.188
2014-04-02,511880.SH,76.2
2014-04-03,511880.SH,76.212
2014-04-04,511880.SH,76.254
2014-04-08,511880.SH,76.251
2014-04-09,511880.SH,76.256
2014-04-10,511880.SH,76.269
2014-04-11,511880.SH,76.306
2014-04-14,511880.SH,76.307
2014-04-15,511880.SH,76.312
2014-04-16,511880.SH,76.322
2014-04-17,511880.SH,76.326
2014-04-18,511880.SH,76.346
2014-04-21,511880.SH,76.357
2014-04-22,511880.SH,76.369
2014-04-23,511880.SH,76.377
2014-04-24,511880.SH,76.384
2014-04-25,511880.SH,76.415
2014-04-28,511880.SH,76.377
2014-04-29,511880.SH,76.395
2014-04-30,511880.SH,76.469
2014-05-05,511880.SH,76.476
2014-05-06,511880.SH,76.489
2014-05-07,511880.SH,76.504
2014-05-08,511880.SH,76.515
2014-05-09,511880.SH,76.541
2014-05-12,511880.SH,76.543
2014-05-13,511880.SH,76.55
2014-05-14,511880.SH,76.558
2014-05-15,511880.SH,76.57
2014-05-16,511880.SH,76.591
2014-05-19,511880.SH,76.599
2014-05-20,511880.SH,76.603
2014-05-21,511880.SH,76.611
2014-05-22,511880.SH,76.625
2014-05-23,511880.SH,76.643
2014-05-26,511880.SH,76.645
2014-05-27,511880.SH,76.661
2014-05-28,511880.SH,76.669
2014-05-29,511880.SH,76.666
2014-05-30,511880.SH,76.708
2014-06-03,511880.SH,76.725
2014-06-04,511880.SH,76.74
2014-06-05,511880.SH,76.763
2014-06-06,511880.SH,76.814
2014-06-09,511880.SH,76.846
2014-06-10,511880.SH,76.842
2014-06-11,511880.SH,76.825
2014-06-12,511880.SH,76.812
2014-06-13,511880.SH,76.821
2014-06-16,511880.SH,76.788
2014-06-17,511880.SH,76.747
2014-06-18,511880.SH,76.674
2014-06-19,511880.SH,76.853
2014-06-20,511880.SH,76.893
2014-06-23,511880.SH,76.89
2014-06-24,511880.SH,76.93
2014-06-25,511880.SH,76.949
2014-06-26,511880.SH,76.964
2014-06-27,511880.SH,76.958
2014-06-30,511880.SH,76.993
2014-07-01,511880.SH,77.006
2014-07-02,511880.SH,77.034
2014-07-03,511880.SH,77.068
2014-07-04,511880.SH,77.082
2014-07-07,511880.SH,77.08
2014-07-08,511880.SH,77.073
2014-07-09,511880.SH,77.057
2014-07-10,511880.SH,77.043
2014-07-11,511880.SH,77.086
2014-07-14,511880.SH,77.102
2014-07-15,511880.SH,77.127
2014-07-16,511880.SH,77.141
2014-07-17,511880.SH,77.15
2014-07-18,511880.SH,77.168
2014-07-21,511880.SH,77.144
2014-07-22,511880.SH,77.156
2014-07-23,511880.SH,77.163
2014-07-24,511880.SH,77.186
2014-07-25,511880.SH,77.229
2014-07-28,511880.SH,77.25
2014-07-29,511880.SH,77.259
2014-07-30,511880.SH,77.265
2014-07-31,511880.SH,77.292
2014-08-01,511880.SH,77.316
2014-08-04,511880.SH,77.327
2014-08-05,511880.SH,77.335
2014-08-06,511880.SH,77.331
2014-08-07,511880.SH,77.347
2014-08-08,511880.SH,77.356
2014-08-11,511880.SH,77.351
2014-08-12,511880.SH,77.357
2014-08-13,511880.SH,77.366
2014-08-14,511880.SH,77.373
2014-08-15,511880.SH,77.398
2014-08-18,511880.SH,77.41
2014-08-19,511880.SH,77.427
2014-08-20,511880.SH,77.434
2014-08-21,511880.SH,77.441
2014-08-22,511880.SH,77.45
2014-08-25,511880.SH,77.438
2014-08-26,511880.SH,77.431
2014-08-27,511880.SH,77.45
2014-08-28,511880.SH,77.422
2014-08-29,511880.SH,77.501
2014-09-01,511880.SH,77.522
2014-09-02,511880.SH,77.552
2014-09-03,511880.SH,77.558
2014-09-04,511880.SH,77.557
2014-09-05,511880.SH,77.555
2014-09-09,511880.SH,77.559
2014-09-10,511880.SH,77.567
2014-09-11,511880.SH,77.601
2014-09-12,511880.SH,77.617
2014-09-15,511880.SH,77.629
2014-09-16,511880.SH,77.653
2014-09-17,511880.SH,77.647
2014-09-18,511880.SH,77.681
2014-09-19,511880.SH,77.69
2014-09-22,511880.SH,77.693
2014-09-23,511880.SH,77.696
2014-09-24,511880.SH,77.681
2014-09-25,511880.SH,77.691
2014-09-26,511880.SH,77.759
2014-09-29,511880.SH,77.903
2014-09-30,511880.SH,78.205
2014-10-08,511880.SH,77.967
2014-10-09,511880.SH,78.03
2014-10-10,511880.SH,77.876
2014-10-13,511880.SH,77.89
2014-10-14,511880.SH,77.906
2014-10-15,511880.SH,77.913
2014-10-16,511880.SH,77.93
2014-10-17,511880.SH,77.94
2014-10-20,511880.SH,77.941
2014-10-21,511880.SH,77.942
2014-10-22,511880.SH,77.948
2014-10-23,511880.SH,77.954
2014-10-24,511880.SH,77.963
2014-10-27,511880.SH,77.993
2014-10-28,511880.SH,78.024
2014-10-29,511880.SH,78.046
2014-10-30,511880.SH,78.044
2014-10-31,511880.SH,78.046
2014-11-03,511880.SH,78.057
2014-11-04,511880.SH,78.07
2014-11-05,511880.SH,78.075
2014-11-06,511880.SH,78.084
2014-11-07,511880.SH,78.094
2014-11-10,511880.SH,78.104
2014-11-11,511880.SH,78.118
2014-11-12,511880.SH,78.127
2014-11-13,511880.SH,78.134
2014-11-14,511880.SH,78.154
2014-11-17,511880.SH,78.154
2014-11-18,511880.SH,78.155
2014-11-19,511880.SH,78.156
2014-11-20,511880.SH,78.165
2014-11-21,511880.SH,78.131
2014-11-24,511880.SH,77.98
2014-11-25,511880.SH,78.066
2014-11-26,511880.SH,78.191
2014-11-27,511880.SH,78.257
2014-11-28,511880.SH,78.292
2014-12-01,511880.SH,78.28
2014-12-02,511880.SH,78.295
2014-12-03,511880.SH,78.312
2014-12-04,511880.SH,78.298
2014-12-05,511880.SH,78.321
2014-12-08,511880.SH,78.326
2014-12-09,511880.SH,78.345
2014-12-10,511880.SH,78.359
2014-12-11,511880.SH,78.368
2014-12-12,511880.SH,78.375
2014-12-15,511880.SH,78.376
2014-12-16,511880.SH,78.355
2014-12-17,511880.SH,78.306
2014-12-18,511880.SH,78.358
2014-12-19,511880.SH,78.433
2014-12-22,511880.SH,78.445
2014-12-23,511880.SH,78.468
2014-12-24,511880.SH,78.558
2014-12-25,511880.SH,78.565
2014-12-26,511880.SH,78.518
2014-12-29,511880.SH,78.517
2014-12-30,511880.SH,78.531
2014-12-31,511880.SH,78.657
2015-01-05,511880.SH,78.586
2015-01-06,511880.SH,78.595
2015-01-07,511880.SH,78.599
2015-01-08,511880.SH,78.617
2015-01-09,511880.SH,78.615
2015-01-12,511880.SH,78.615
2015-01-13,511880.SH,78.631
2015-01-14,511880.SH,78.652
2015-01-15,511880.SH,78.67
2015-01-16,511880.SH,78.702
2015-01-19,511880.SH,78.739
2015-01-20,511880.SH,78.833
2015-01-21,511880.SH,78.802
2015-01-22,511880.SH,78.762
2015-01-23,511880.SH,78.764
2015-01-26,511880.SH,78.77
2015-01-27,511880.SH,78.78
2015-01-28,511880.SH,78.79
2015-01-29,511880.SH,78.801
2015-01-30,511880.SH,78.777
2015-02-02,511880.SH,78.794
2015-02-03,511880.SH,78.824
2015-02-04,511880.SH,78.855
2015-02-05,511880.SH,78.868
2015-02-06,511880.SH,78.873
2015-02-09,511880.SH,78.866
2015-02-10,511880.SH,78.852
2015-02-11,511880.SH,78.863
2015-02-12,511880.SH,78.927
2015-02-13,511880.SH,79.04
2015-02-16,511880.SH,79.121
2015-02-17,511880.SH,79.051
2015-02-25,511880.SH,79.051
2015-02-26,511880.SH,79.058
2015-02-27,511880.SH,79.062
2015-03-02,511880.SH,79.082
2015-03-03,511880.SH,79.088
2015-03-04,511880.SH,79.098
2015-03-05,511880.SH,79.106
2015-03-06,511880.SH,79.113
2015-03-09,511880.SH,79.115
2015-03-10,511880.SH,79.136
2015-03-11,511880.SH,79.132
2015-03-12,511880.SH,79.16
2015-03-13,511880.SH,79.218
2015-03-16,511880.SH,79.276
2015-03-17,511880.SH,79.298
2015-03-18,511880.SH,79.285
2015-03-19,511880.SH,79.276
2015-03-20,511880.SH,79.288
2015-03-23,511880.SH,79.297
2015-03-24,511880.SH,79.304
2015-03-25,511880.SH,79.319
2015-03-26,511880.SH,79.327
2015-03-27,511880.SH,79.348
2015-03-30,511880.SH,79.347
2015-03-31,511880.SH,79.349
2015-04-01,511880.SH,79.369
2015-04-02,511880.SH,79.389
2015-04-03,511880.SH,79.417
2015-04-07,511880.SH,79.424
2015-04-08,511880.SH,79.44
2015-04-09,511880.SH,79.449
2015-04-10,511880.SH,79.448
2015-04-13,511880.SH,79.417
2015-04-14,511880.SH,79.438
2015-04-15,511880.SH,79.462
2015-04-16,511880.SH,79.499
2015-04-17,511880.SH,79.566
2015-04-20,511880.SH,79.658
2015-04-21,511880.SH,79.694
2015-04-22,511880.SH,79.619
2015-04-23,511880.SH,79.6
2015-04-24,511880.SH,79.606
2015-04-27,511880.SH,79.608
2015-04-28,511880.SH,79.615
2015-04-29,511880.SH,79.622
2015-04-30,511880.SH,79.629
2015-05-04,511880.SH,79.606
2015-05-05,511880.SH,79.608
2015-05-06,511880.SH,79.654
2015-05-07,511880.SH,79.633
2015-05-08,511880.SH,79.706
2015-05-11,511880.SH,79.731
2015-05-12,511880.SH,79.735
2015-05-13,511880.SH,79.713
2015-05-14,511880.SH,79.72
2015-05-15,511880.SH,79.73
2015-05-18,511880.SH,79.722
2015-05-19,511880.SH,79.734
2015-05-20,511880.SH,79.724
2015-05-21,511880.SH,79.766
2015-05-22,511880.SH,79.816
2015-05-25,511880.SH,79.813
2015-05-26,511880.SH,79.811
2015-05-27,511880.SH,79.812
2015-05-28,511880.SH,79.815
2015-05-29,511880.SH,79.812
2015-06-01,511880.SH,79.813
2015-06-02,511880.SH,79.807
2015-06-03,511880.SH,79.849
2015-06-04,511880.SH,79.93
2015-06-05,511880.SH,79.956
2015-06-08,511880.SH,79.938
2015-06-09,511880.SH,79.934
2015-06-10,511880.SH,79.923
2015-06-11,511880.SH,79.924
2015-06-12,511880.SH,79.913
2015-06-15,511880.SH,79.926
2015-06-16,511880.SH,79.941
2015-06-17,511880.SH,79.965
2015-06-18,511880.SH,79.968
2015-06-19,511880.SH,79.997
2015-06-23,511880.SH,80.01
2015-06-24,511880.SH,80.049
2015-06-25,511880.SH,80.048
2015-06-26,511880.SH,80.051
2015-06-29,511880.SH,80.045
2015-06-30,511880.SH,80.04
2015-07-01,511880.SH,80.057
2015-07-02,511880.SH,80.062
2015-07-03,511880.SH,80.076
2015-07-06,511880.SH,80.13
2015-07-07,511880.SH,80.194
2015-07-08,511880.SH,80.138
2015-07-09,511880.SH,80.147
2015-07-10,511880.SH,80.16
2015-07-13,511880.SH,80.167
2015-07-14,511880.SH,80.175
2015-07-15,511880.SH,80.186
2015-07-16,511880.SH,80.198
2015-07-17,511880.SH,80.226
2015-07-20,511880.SH,80.226
2015-07-21,511880.SH,80.229
2015-07-22,511880.SH,80.229
2015-07-23,511880.SH,80.235
2015-07-24,511880.SH,80.247
2015-07-27,511880.SH,80.261
2015-07-28,511880.SH,80.267
2015-07-29,511880.SH,80.269
2015-07-30,511880.SH,80.293
2015-07-31,511880.SH,80.302
2015-08-03,511880.SH,80.325
2015-08-04,511880.SH,80.321
2015-08-05,511880.SH,80.321
2015-08-06,511880.SH,80.311
2015-08-07,511880.SH,80.323
2015-08-10,511880.SH,80.326
2015-08-11,511880.SH,80.326
2015-08-12,511880.SH,80.334
2015-08-13,511880.SH,80.339
2015-08-14,511880.SH,80.354
2015-08-17,511880.SH,80.363
2015-08-18,511880.SH,80.367
2015-08-19,511880.SH,80.372
2015-08-20,511880.SH,80.376
2015-08-21,511880.SH,80.389
2015-08-24,511880.SH,80.393
2015-08-25,511880.SH,80.392
2015-08-26,511880.SH,80.398
2015-08-27,511880.SH,80.406
2015-08-28,511880.SH,80.424
2015-08-31,511880.SH,80.427
2015-09-01,511880.SH,80.458
2015-09-02,511880.SH,80.49
2015-09-07,511880.SH,80.489
2015-09-08,511880.SH,80.482
2015-09-09,511880.SH,80.476
2015-09-10,511880.SH,80.486
2015-09-11,511880.SH,80.502
2015-09-14,511880.SH,80.507
2015-09-15,511880.SH,80.514
2015-09-16,511880.SH,80.524
2015-09-17,511880.SH,80.522
2015-09-18,511880.SH,80.536
2015-09-21,511880.SH,80.538
2015-09-22,511880.SH,80.546
2015-09-23,511880.SH,80.55
2015-09-24,511880.SH,80.553
2015-09-25,511880.SH,80.564
2015-09-28,511880.SH,80.578
2015-09-29,511880.SH,80.584
2015-09-30,511880.SH,80.618
2015-10-08,511880.SH,80.608
2015-10-09,511880.SH,80.629
2015-10-12,511880.SH,80.628
2015-10-13,511880.SH,80.647
2015-10-14,511880.SH,80.665
2015-10-15,511880.SH,80.67
2015-10-16,511880.SH,80.682
2015-10-19,511880.SH,80.691
2015-10-20,511880.SH,80.695
2015-10-21,511880.SH,80.702
2015-10-22,511880.SH,80.697
2015-10-23,511880.SH,80.71
2015-10-26,511880.SH,80.722
2015-10-27,511880.SH,80.73
2015-10-28,511880.SH,80.736
2015-10-29,511880.SH,80.742
2015-10-30,511880.SH,80.769
2015-11-02,511880.SH,80.775
2015-11-03,511880.SH,80.779
2015-11-04,511880.SH,80.782
2015-11-05,511880.SH,80.791
2015-11-06,511880.SH,80.799
2015-11-09,511880.SH,80.802
2015-11-10,511880.SH,80.824
2015-11-11,511880.SH,80.836
2015-11-12,511880.SH,80.843
2015-11-13,511880.SH,80.855
2015-11-16,511880.SH,80.861
2015-11-17,511880.SH,80.868
2015-11-18,511880.SH,80.876
2015-11-19,511880.SH,80.881
2015-11-20,511880.SH,80.891
2015-11-23,511880.SH,80.906
2015-11-24,511880.SH,80.908
2015-11-25,511880.SH,80.913
2015-11-26,511880.SH,80.916
2015-11-27,511880.SH,80.919
2015-11-30,511880.SH,80.914
2015-12-01,511880.SH,80.942
2015-12-02,511880.SH,80.949
2015-12-03,511880.SH,80.96
2015-12-04,511880.SH,80.974
2015-12-07,511880.SH,80.988
2015-12-08,511880.SH,80.996
2015-12-09,511880.SH,80.989
2015-12-10,511880.SH,80.996
2015-12-11,511880.SH,81.01
2015-12-14,511880.SH,81.018
2015-12-15,511880.SH,81.025
2015-12-16,511880.SH,81.037
2015-12-17,511880.SH,81.043
2015-12-18,511880.SH,81.057
2015-12-21,511880.SH,81.058
2015-12-22,511880.SH,81.054
2015-12-23,511880.SH,81.061
2015-12-24,511880.SH,81.065
2015-12-25,511880.SH,81.085
2015-12-28,511880.SH,81.097
2015-12-29,511880.SH,81.109
2015-12-30,511880.SH,81.11
2015-12-31,511880.SH,81.082
2016-01-04,511880.SH,81.058
2016-01-05,511880.SH,81.097
2016-01-06,511880.SH,81.104
2016-01-07,511880.SH,81.11
2016-01-08,511880.SH,81.131
2016-01-11,511880.SH,81.143
2016-01-12,511880.SH,81.148
2016-01-13,511880.SH,81.148
2016-01-14,511880.SH,81.149
2016-01-15,511880.SH,81.162
2016-01-18,511880.SH,81.171
2016-01-19,511880.SH,81.169
2016-01-20,511880.SH,81.174
2016-01-21,511880.SH,81.169
2016-01-22,511880.SH,81.197
2016-01-25,511880.SH,81.207
2016-01-26,511880.SH,81.224
2016-01-27,511880.SH,81.232
2016-01-28,511880.SH,81.24
2016-01-29,511880.SH,81.263
2016-02-01,511880.SH,81.278
2016-02-02,511880.SH,81.28
2016-02-03,511880.SH,81.284
2016-02-04,511880.SH,81.305
2016-02-05,511880.SH,81.339
2016-02-15,511880.SH,81.341
2016-02-16,511880.SH,81.339
2016-02-17,511880.SH,81.339
2016-02-18,511880.SH,81.352
2016-02-19,511880.SH,81.368
2016-02-22,511880.SH,81.378
2016-02-23,511880.SH,81.387
2016-02-24,511880.SH,81.387
2016-02-25,511880.SH,81.372
2016-02-26,511880.SH,81.393
2016-02-29,511880.SH,81.409
2016-03-01,511880.SH,81.423
2016-03-02,511880.SH,81.426
2016-03-03,511880.SH,81.438
2016-03-04,511880.SH,81.457
2016-03-07,511880.SH,81.46
2016-03-08,511880.SH,81.476
2016-03-09,511880.SH,81.485
2016-03-10,511880.SH,81.5
2016-03-11,511880.SH,81.497
2016-03-14,511880.SH,81.492
2016-03-15,511880.SH,81.5
2016-03-16,511880.SH,81.503
2016-03-17,511880.SH,81.494
2016-03-18,511880.SH,81.496
2016-03-21,511880.SH,81.502
2016-03-22,511880.SH,81.52
2016-03-23,511880.SH,81.539
2016-03-24,511880.SH,81.551
2016-03-25,511880.SH,81.565
2016-03-28,511880.SH,81.566
2016-03-29,511880.SH,81.565
2016-03-30,511880.SH,81.559
2016-03-31,511880.SH,81.577
2016-04-01,511880.SH,81.605
2016-04-05,511880.SH,81.616
2016-04-06,511880.SH,81.622
2016-04-07,511880.SH,81.629
2016-04-08,511880.SH,81.652
2016-04-11,511880.SH,81.65
2016-04-12,511880.SH,81.654
2016-04-13,511880.SH,81.661
2016-04-14,511880.SH,81.651
2016-04-15,511880.SH,81.672
2016-04-18,511880.SH,81.687
2016-04-19,511880.SH,81.698
2016-04-20,511880.SH,81.701
2016-04-21,511880.SH,81.71
2016-04-22,511880.SH,81.725
2016-04-25,511880.SH,81.73
2016-04-26,511880.SH,81.731
2016-04-27,511880.SH,81.746
2016-04-28,511880.SH,81.764
2016-04-29,511880.SH,81.777
2016-05-03,511880.SH,81.769
2016-05-04,511880.SH,81.773
2016-05-05,511880.SH,81.782
2016-05-06,511880.SH,81.799
2016-05-09,511880.SH,81.809
2016-05-10,511880.SH,81.828
2016-05-11,511880.SH,81.82
2016-05-12,511880.SH,81.822
2016-05-13,511880.SH,81.835
2016-05-16,511880.SH,81.842
2016-05-17,511880.SH,81.848
2016-05-18,511880.SH,81.853
2016-05-19,511880.SH,81.859
2016-05-20,511880.SH,81.858
2016-05-23,511880.SH,81.876
2016-05-24,511880.SH,81.886
2016-05-25,511880.SH,81.89
2016-05-26,511880.SH,81.893
2016-05-27,511880.SH,81.901
2016-05-30,511880.SH,81.913
2016-05-31,511880.SH,81.913
2016-06-01,511880.SH,81.914
2016-06-02,511880.SH,81.922
2016-06-03,511880.SH,81.934
2016-06-06,511880.SH,81.944
2016-06-07,511880.SH,81.954
2016-06-08,511880.SH,81.988
2016-06-13,511880.SH,81.988
2016-06-14,511880.SH,81.991
2016-06-15,511880.SH,81.992
2016-06-16,511880.SH,81.996
2016-06-17,511880.SH,82.016
2016-06-20,511880.SH,82.023
2016-06-21,511880.SH,82.026
2016-06-22,511880.SH,82.029
2016-06-23,511880.SH,82.033
2016-06-24,511880.SH,82.046
2016-06-27,511880.SH,82.029
2016-06-28,511880.SH,82.042
2016-06-29,511880.SH,82.042
2016-06-30,511880.SH,82.078
2016-07-01,511880.SH,82.104
2016-07-04,511880.SH,82.105
2016-07-05,511880.SH,82.106
2016-07-06,511880.SH,82.119
2016-07-07,511880.SH,82.129
2016-07-08,511880.SH,82.148
2016-07-11,511880.SH,82.153
2016-07-12,511880.SH,82.157
2016-07-13,511880.SH,82.159
2016-07-14,511880.SH,82.172
2016-07-15,511880.SH,82.184
2016-07-18,511880.SH,82.196
2016-07-19,511880.SH,82.204
2016-07-20,511880.SH,82.208
2016-07-21,511880.SH,82.211
2016-07-22,511880.SH,82.224
2016-07-25,511880.SH,82.236
2016-07-26,511880.SH,82.23
2016-07-27,511880.SH,82.247
2016-07-28,511880.SH,82.259
2016-07-29,511880.SH,82.275
2016-08-01,511880.SH,82.28
2016-08-02,511880.SH,82.285
2016-08-03,511880.SH,82.29
2016-08-04,511880.SH,82.294
2016-08-05,511880.SH,82.314
2016-08-08,511880.SH,82.317
2016-08-09,511880.SH,82.322
2016-08-10,511880.SH,82.327
2016-08-11,511880.SH,82.335
2016-08-12,511880.SH,82.342
2016-08-15,511880.SH,82.343
2016-08-16,511880.SH,82.348
2016-08-17,511880.SH,82.358
2016-08-18,511880.SH,82.357
2016-08-19,511880.SH,82.382
2016-08-22,511880.SH,82.39
2016-08-23,511880.SH,82.393
2016-08-24,511880.SH,82.393
2016-08-25,511880.SH,82.402
2016-08-26,511880.SH,82.421
2016-08-29,511880.SH,82.432
2016-08-30,511880.SH,82.439
2016-08-31,511880.SH,82.444
2016-09-01,511880.SH,82.452
2016-09-02,511880.SH,82.463
2016-09-05,511880.SH,82.468
2016-09-06,511880.SH,82.477
2016-09-07,511880.SH,82.484
2016-09-08,511880.SH,82.489
2016-09-09,511880.SH,82.498
2016-09-12,511880.SH,82.51
2016-09-13,511880.SH,82.531
2016-09-14,511880.SH,82.556
2016-09-19,511880.SH,82.55
2016-09-20,511880.SH,82.547
2016-09-21,511880.SH,82.551
2016-09-22,511880.SH,82.543
2016-09-23,511880.SH,82.558
2016-09-26,511880.SH,82.565
2016-09-27,511880.SH,82.568
2016-09-28,511880.SH,82.585
2016-09-29,511880.SH,82.593
2016-09-30,511880.SH,82.647
2016-10-10,511880.SH,82.654
2016-10-11,511880.SH,82.656
2016-10-12,511880.SH,82.675
2016-10-13,511880.SH,82.683
2016-10-14,511880.SH,82.704
2016-10-17,511880.SH,82.702
2016-10-18,511880.SH,82.693
2016-10-19,511880.SH,82.705
2016-10-20,511880.SH,82.7
2016-10-21,511880.SH,82.718
2016-10-24,511880.SH,82.717
2016-10-25,511880.SH,82.722
2016-10-26,511880.SH,82.728
2016-10-27,511880.SH,82.729
2016-10-28,511880.SH,82.751
2016-10-31,511880.SH,82.767
2016-11-01,511880.SH,82.777
2016-11-02,511880.SH,82.798
2016-11-03,511880.SH,82.8
2016-11-04,511880.SH,82.817
2016-11-07,511880.SH,82.822
2016-11-08,511880.SH,82.827
2016-11-09,511880.SH,82.828
2016-11-10,511880.SH,82.83
2016-11-11,511880.SH,82.83
2016-11-14,511880.SH,82.839
2016-11-15,511880.SH,82.855
2016-11-16,511880.SH,82.858
2016-11-17,511880.SH,82.864
2016-11-18,511880.SH,82.883
2016-11-21,511880.SH,82.887
2016-11-22,511880.SH,82.893
2016-11-23,511880.SH,82.899
2016-11-24,511880.SH,82.902
2016-11-25,511880.SH,82.915
2016-11-28,511880.SH,82.925
2016-11-29,511880.SH,82.924
2016-11-30,511880.SH,82.922
2016-12-01,511880.SH,82.929
2016-12-02,511880.SH,82.961
2016-12-05,511880.SH,82.978
2016-12-06,511880.SH,82.979
2016-12-07,511880.SH,82.98
2016-12-08,511880.SH,82.991
2016-12-09,511880.SH,82.997
2016-12-12,511880.SH,83.002
2016-12-13,511880.SH,83.007
2016-12-14,511880.SH,83.007
2016-12-15,511880.SH,82.93
2016-12-16,511880.SH,82.964
2016-12-19,511880.SH,82.989
2016-12-20,511880.SH,83.021
2016-12-21,511880.SH,83.032
2016-12-22,511880.SH,83.051
2016-12-23,511880.SH,83.068
2016-12-26,511880.SH,83.063
2016-12-27,511880.SH,83.045
2016-12-28,511880.SH,83.063
2016-12-29,511880.SH,83.119
2016-12-30,511880.SH,83.207
2017-01-03,511880.SH,83.121
2017-01-04,511880.SH,83.123
2017-01-05,511880.SH,83.123
2017-01-06,511880.SH,83.146
2017-01-09,511880.SH,83.149
2017-01-10,511880.SH,83.164
2017-01-11,511880.SH,83.168
2017-01-12,511880.SH,83.164
2017-01-13,511880.SH,83.177
2017-01-16,511880.SH,83.178
2017-01-17,511880.SH,83.17
2017-01-18,511880.SH,83.175
2017-01-19,511880.SH,83.16
2017-01-20,511880.SH,83.195
2017-01-23,511880.SH,83.226
2017-01-24,511880.SH,83.237
2017-01-25,511880.SH,83.273
2017-01-26,511880.SH,83.293
2017-02-03,511880.SH,83.312
2017-02-06,511880.SH,83.331
2017-02-07,511880.SH,83.36
2017-02-08,511880.SH,83.358
2017-02-09,511880.SH,83.355
2017-02-10,511880.SH,83.36
2017-02-13,511880.SH,83.365
2017-02-14,511880.SH,83.363
2017-02-15,511880.SH,83.37
2017-02-16,511880.SH,83.382
2017-02-17,511880.SH,83.385
2017-02-20,511880.SH,83.396
2017-02-21,511880.SH,83.399
2017-02-22,511880.SH,83.417
2017-02-23,511880.SH,83.437
2017-02-24,511880.SH,83.445
2017-02-27,511880.SH,83.462
2017-02-28,511880.SH,83.466
2017-03-01,511880.SH,83.475
2017-03-02,511880.SH,83.491
2017-03-03,511880.SH,83.517
2017-03-06,511880.SH,83.522
2017-03-07,511880.SH,83.54
2017-03-08,511880.SH,83.549
2017-03-09,511880.SH,83.57
2017-03-10,511880.SH,83.597
2017-03-13,511880.SH,83.59
2017-03-14,511880.SH,83.582
2017-03-15,511880.SH,83.579
2017-03-16,511880.SH,83.557
2017-03-17,511880.SH,83.58
2017-03-20,511880.SH,83.601
2017-03-21,511880.SH,83.608
2017-03-22,511880.SH,83.636
2017-03-23,511880.SH,83.648
2017-03-24,511880.SH,83.648
2017-03-27,511880.SH,83.664
2017-03-28,511880.SH,83.668
2017-03-29,511880.SH,83.658
2017-03-30,511880.SH,83.675
2017-03-31,511880.SH,83.72
2017-04-05,511880.SH,83.735
2017-04-06,511880.SH,83.764
2017-04-07,511880.SH,83.791
2017-04-10,511880.SH,83.802
2017-04-11,511880.SH,83.832
2017-04-12,511880.SH,83.818
2017-04-13,511880.SH,83.825
2017-04-14,511880.SH,83.843
2017-04-17,511880.SH,83.852
2017-04-18,511880.SH,83.86
2017-04-19,511880.SH,83.868
2017-04-20,511880.SH,83.882
2017-04-21,511880.SH,83.906
2017-04-24,511880.SH,83.907
2017-04-25,511880.SH,83.902
2017-04-26,511880.SH,83.913
2017-04-27,511880.SH,83.927
2017-04-28,511880.SH,83.956
2017-05-02,511880.SH,83.971
2017-05-03,511880.SH,83.98
2017-05-04,511880.SH,83.991
2017-05-05,511880.SH,84.013
2017-05-08,511880.SH,84.026
2017-05-09,511880.SH,84.053
2017-05-10,511880.SH,84.049
2017-05-11,511880.SH,84.05
2017-05-12,511880.SH,84.07
2017-05-15,511880.SH,84.08
2017-05-16,511880.SH,84.078
2017-05-17,511880.SH,84.088
2017-05-18,511880.SH,84.105
2017-05-19,511880.SH,84.108
2017-05-22,511880.SH,84.134
2017-05-23,511880.SH,84.142
2017-05-24,511880.SH,84.152
2017-05-25,511880.SH,84.171
2017-05-26,511880.SH,84.183
2017-05-31,511880.SH,84.183
2017-06-01,511880.SH,84.22
2017-06-02,511880.SH,84.229
2017-06-05,511880.SH,84.248
2017-06-06,511880.SH,84.261
2017-06-07,511880.SH,84.269
2017-06-08,511880.SH,84.28
2017-06-09,511880.SH,84.288
2017-06-12,511880.SH,84.307
2017-06-13,511880.SH,84.313
2017-06-14,511880.SH,84.321
2017-06-15,511880.SH,84.332
2017-06-16,511880.SH,84.343
2017-06-19,511880.SH,84.36
2017-06-20,511880.SH,84.356
2017-06-21,511880.SH,84.381
2017-06-22,511880.SH,84.398
2017-06-23,511880.SH,84.416
2017-06-26,511880.SH,84.415
2017-06-27,511880.SH,84.425
2017-06-28,511880.SH,84.434
2017-06-29,511880.SH,84.436
2017-06-30,511880.SH,84.471
2017-07-03,511880.SH,84.494
2017-07-04,511880.SH,84.518
2017-07-05,511880.SH,84.556
2017-07-06,511880.SH,84.563
2017-07-07,511880.SH,84.558
2017-07-10,511880.SH,84.567
2017-07-11,511880.SH,84.574
2017-07-12,511880.SH,84.582
2017-07-13,511880.SH,84.59
2017-07-14,511880.SH,84.604
2017-07-17,511880.SH,84.621
2017-07-18,511880.SH,84.622
2017-07-19,511880.SH,84.625
2017-07-20,511880.SH,84.636
2017-07-21,511880.SH,84.662
2017-07-24,511880.SH,84.674
2017-07-25,511880.SH,84.685
2017-07-26,511880.SH,84.705
2017-07-27,511880.SH,84.718
2017-07-28,511880.SH,84.728
2017-07-31,511880.SH,84.732
2017-08-01,511880.SH,84.739
2017-08-02,511880.SH,84.764
2017-08-03,511880.SH,84.773
2017-08-04,511880.SH,84.8
2017-08-07,511880.SH,84.809
2017-08-08,511880.SH,84.82
2017-08-09,511880.SH,84.826
2017-08-10,511880.SH,84.836
2017-08-11,511880.SH,84.855
2017-08-14,511880.SH,84.865
2017-08-15,511880.SH,84.866
2017-08-16,511880.SH,84.871
2017-08-17,511880.SH,84.88
2017-08-18,511880.SH,84.907
2017-08-21,511880.SH,84.914
2017-08-22,511880.SH,84.925
2017-08-23,511880.SH,84.931
2017-08-24,511880.SH,84.95
2017-08-25,511880.SH,84.963
2017-08-28,511880.SH,84.963
2017-08-29,511880.SH,84.973
2017-08-30,511880.SH,84.978
2017-08-31,511880.SH,85.007
2017-09-01,511880.SH,85.027
2017-09-04,511880.SH,85.051
2017-09-05,511880.SH,85.061
2017-09-06,511880.SH,85.071
2017-09-07,511880.SH,85.08
2017-09-08,511880.SH,85.093
2017-09-11,511880.SH,85.103
2017-09-12,511880.SH,85.118
2017-09-13,511880.SH,85.125
2017-09-14,511880.SH,85.143
2017-09-15,511880.SH,85.149
2017-09-18,511880.SH,85.16
2017-09-19,511880.SH,85.162
2017-09-20,511880.SH,85.185
2017-09-21,511880.SH,85.226
2017-09-22,511880.SH,85.256
2017-09-25,511880.SH,85.245
2017-09-26,511880.SH,85.251
2017-09-27,511880.SH,85.217
2017-09-28,511880.SH,85.215
2017-09-29,511880.SH,85.32
2017-10-09,511880.SH,85.335
2017-10-10,511880.SH,85.368
2017-10-11,511880.SH,85.386
2017-10-12,511880.SH,85.402
2017-10-13,511880.SH,85.429
2017-10-16,511880.SH,85.437
2017-10-17,511880.SH,85.461
2017-10-18,511880.SH,85.455
2017-10-19,511880.SH,85.457
2017-10-20,511880.SH,85.473
2017-10-23,511880.SH,85.482
2017-10-24,511880.SH,85.49
2017-10-25,511880.SH,85.495
2017-10-26,511880.SH,85.498
2017-10-27,511880.SH,85.509
2017-10-30,511880.SH,85.521
2017-10-31,511880.SH,85.539
2017-11-01,511880.SH,85.561
2017-11-02,511880.SH,85.581
2017-11-03,511880.SH,85.619
2017-11-06,511880.SH,85.615
2017-11-07,511880.SH,85.618
2017-11-08,511880.SH,85.627
2017-11-09,511880.SH,85.633
2017-11-10,511880.SH,85.643
2017-11-13,511880.SH,85.65
2017-11-14,511880.SH,85.652
2017-11-15,511880.SH,85.672
2017-11-16,511880.SH,85.687
2017-11-17,511880.SH,85.711
2017-11-20,511880.SH,85.716
2017-11-21,511880.SH,85.727
2017-11-22,511880.SH,85.732
2017-11-23,511880.SH,85.753
2017-11-24,511880.SH,85.775
2017-11-27,511880.SH,85.786
2017-11-28,511880.SH,85.788
2017-11-29,511880.SH,85.792
2017-11-30,511880.SH,85.824
2017-12-01,511880.SH,85.839
2017-12-04,511880.SH,85.863
2017-12-05,511880.SH,85.88
2017-12-06,511880.SH,85.884
2017-12-07,511880.SH,85.902
2017-12-08,511880.SH,85.912
2017-12-11,511880.SH,85.913
2017-12-12,511880.SH,85.921
2017-12-13,511880.SH,85.931
2017-12-14,511880.SH,85.947
2017-12-15,511880.SH,85.971
2017-12-18,511880.SH,85.966
2017-12-19,511880.SH,85.97
2017-12-20,511880.SH,85.986
2017-12-21,511880.SH,86.012
2017-12-22,511880.SH,86.023
2017-12-25,511880.SH,86.039
2017-12-26,511880.SH,86.013
2017-12-27,511880.SH,86.014
2017-12-28,511880.SH,85.901
2017-12-29,511880.SH,86.125
2018-01-02,511880.SH,86.161
2018-01-03,511880.SH,86.174
2018-01-04,511880.SH,86.27
2018-01-05,511880.SH,86.3
2018-01-08,511880.SH,86.315
2018-01-09,511880.SH,86.236
2018-01-10,511880.SH,86.242
2018-01-11,511880.SH,86.242
2018-01-12,511880.SH,86.271
2018-01-15,511880.SH,86.279
2018-01-16,511880.SH,86.286
2018-01-17,511880.SH,86.29
2018-01-18,511880.SH,86.3
2018-01-19,511880.SH,86.322
2018-01-22,511880.SH,86.346
2018-01-23,511880.SH,86.347
2018-01-24,511880.SH,86.357
2018-01-25,511880.SH,86.37
2018-01-26,511880.SH,86.398
2018-01-29,511880.SH,86.419
2018-01-30,511880.SH,86.437
2018-01-31,511880.SH,86.468
2018-02-01,511880.SH,86.496
2018-02-02,511880.SH,86.546
2018-02-05,511880.SH,86.539
2018-02-06,511880.SH,86.514
2018-02-07,511880.SH,86.488
2018-02-08,511880.SH,86.506
2018-02-09,511880.SH,86.53
2018-02-12,511880.SH,86.559
2018-02-13,511880.SH,86.607
2018-02-14,511880.SH,86.729
2018-02-22,511880.SH,86.653
2018-02-23,511880.SH,86.684
2018-02-26,511880.SH,86.69
2018-02-27,511880.SH,86.695
2018-02-28,511880.SH,86.707
2018-03-01,511880.SH,86.718
2018-03-02,511880.SH,86.745
2018-03-05,511880.SH,86.759
2018-03-06,511880.SH,86.767
2018-03-07,511880.SH,86.773
2018-03-08,511880.SH,86.786
2018-03-09,511880.SH,86.798
2018-03-12,511880.SH,86.803
2018-03-13,511880.SH,86.825
2018-03-14,511880.SH,86.838
2018-03-15,511880.SH,86.847
2018-03-16,511880.SH,86.867
2018-03-19,511880.SH,86.878
2018-03-20,511880.SH,86.894
2018-03-21,511880.SH,86.896
2018-03-22,511880.SH,86.915
2018-03-23,511880.SH,86.959
2018-03-26,511880.SH,86.943
2018-03-27,511880.SH,86.948
2018-03-28,511880.SH,86.954
2018-03-29,511880.SH,86.931
2018-03-30,511880.SH,86.99
2018-04-02,511880.SH,87.019
2018-04-03,511880.SH,87.073
2018-04-04,511880.SH,87.106
2018-04-09,511880.SH,87.137
2018-04-10,511880.SH,87.158
2018-04-11,511880.SH,87.128
2018-04-12,511880.SH,87.127
2018-04-13,511880.SH,87.148
2018-04-16,511880.SH,87.148
2018-04-17,511880.SH,87.151
2018-04-18,511880.SH,87.156
2018-04-19,511880.SH,87.145
2018-04-20,511880.SH,87.169
2018-04-23,511880.SH,87.158
2018-04-24,511880.SH,87.162
2018-04-25,511880.SH,87.197
2018-04-26,511880.SH,87.224
2018-04-27,511880.SH,87.293
2018-05-02,511880.SH,87.329
2018-05-03,511880.SH,87.334
2018-05-04,511880.SH,87.362
2018-05-07,511880.SH,87.374
2018-05-08,511880.SH,87.353
2018-05-09,511880.SH,87.354
2018-05-10,511880.SH,87.355
2018-05-11,511880.SH,87.38
2018-05-14,511880.SH,87.375
2018-05-15,511880.SH,87.397
2018-05-16,511880.SH,87.409
2018-05-17,511880.SH,87.418
2018-05-18,511880.SH,87.445
2018-05-21,511880.SH,87.446
2018-05-22,511880.SH,87.47
2018-05-23,511880.SH,87.488
2018-05-24,511880.SH,87.494
2018-05-25,511880.SH,87.497
2018-05-28,511880.SH,87.503
2018-05-29,511880.SH,87.502
2018-05-30,511880.SH,87.501
2018-05-31,511880.SH,87.521
2018-06-01,511880.SH,87.554
2018-06-04,511880.SH,87.578
2018-06-05,511880.SH,87.587
2018-06-06,511880.SH,87.596
2018-06-07,511880.SH,87.606
2018-06-08,511880.SH,87.628
2018-06-11,511880.SH,87.643
2018-06-12,511880.SH,87.648
2018-06-13,511880.SH,87.648
2018-06-14,511880.SH,87.664
2018-06-15,511880.SH,87.69
2018-06-19,511880.SH,87.694
2018-06-20,511880.SH,87.723
2018-06-21,511880.SH,87.733
2018-06-22,511880.SH,87.737
2018-06-25,511880.SH,87.751
2018-06-26,511880.SH,87.761
2018-06-27,511880.SH,87.758
2018-06-28,511880.SH,87.768
2018-06-29,511880.SH,87.809
2018-07-02,511880.SH,87.852
2018-07-03,511880.SH,87.904
2018-07-04,511880.SH,87.989
2018-07-05,511880.SH,88.052
2018-07-06,511880.SH,88.089
2018-07-09,511880.SH,88.077
2018-07-10,511880.SH,88.059
2018-07-11,511880.SH,88.048
2018-07-12,511880.SH,87.916
2018-07-13,511880.SH,87.954
2018-07-16,511880.SH,87.965
2018-07-17,511880.SH,87.984
2018-07-18,511880.SH,87.986
2018-07-19,511880.SH,88.0
2018-07-20,511880.SH,88.011
2018-07-23,511880.SH,88.019
2018-07-24,511880.SH,88.011
2018-07-25,511880.SH,88.026
2018-07-26,511880.SH,88.045
2018-07-27,511880.SH,88.061
2018-07-30,511880.SH,88.077
2018-07-31,511880.SH,88.092
2018-08-01,511880.SH,88.104
2018-08-02,511880.SH,88.122
2018-08-03,511880.SH,88.147
2018-08-06,511880.SH,88.15
2018-08-07,511880.SH,88.151
2018-08-08,511880.SH,88.158
2018-08-09,511880.SH,88.161
2018-08-10,511880.SH,88.183
2018-08-13,511880.SH,88.194
2018-08-14,511880.SH,88.196
2018-08-15,511880.SH,88.212
2018-08-16,511880.SH,88.22
2018-08-17,511880.SH,88.238
2018-08-20,511880.SH,88.246
2018-08-21,511880.SH,88.257
2018-08-22,511880.SH,88.271
2018-08-23,511880.SH,88.306
2018-08-24,511880.SH,88.311
2018-08-27,511880.SH,88.294
2018-08-28,511880.SH,88.306
2018-08-29,511880.SH,88.328
2018-08-30,511880.SH,88.344
2018-08-31,511880.SH,88.369
2018-09-03,511880.SH,88.362
2018-09-04,511880.SH,88.366
2018-09-05,511880.SH,88.359
2018-09-06,511880.SH,88.374
2018-09-07,511880.SH,88.365
2018-09-10,511880.SH,88.399
2018-09-11,511880.SH,88.386
2018-09-12,511880.SH,88.408
2018-09-13,511880.SH,88.408
2018-09-14,511880.SH,88.426
2018-09-17,511880.SH,88.44
2018-09-18,511880.SH,88.44
2018-09-19,511880.SH,88.44
2018-09-20,511880.SH,88.449
2018-09-21,511880.SH,88.442
2018-09-25,511880.SH,88.467
2018-09-26,511880.SH,88.471
2018-09-27,511880.SH,88.488
2018-09-28,511880.SH,88.565
2018-10-08,511880.SH,88.601
2018-10-09,511880.SH,88.609
2018-10-10,511880.SH,88.614
2018-10-11,511880.SH,88.607
2018-10-12,511880.SH,88.63
2018-10-15,511880.SH,88.639
2018-10-16,511880.SH,88.636
2018-10-17,511880.SH,88.643
2018-10-18,511880.SH,88.656
2018-10-19,511880.SH,88.66
2018-10-22,511880.SH,88.645
2018-10-23,511880.SH,88.669
2018-10-24,511880.SH,88.685
2018-10-25,511880.SH,88.693
2018-10-26,511880.SH,88.706
2018-10-29,511880.SH,88.718
2018-10-30,511880.SH,88.723
2018-10-31,511880.SH,88.73
2018-11-01,511880.SH,88.726
2018-11-02,511880.SH,88.727
2018-11-05,511880.SH,88.755
2018-11-06,511880.SH,88.764
2018-11-07,511880.SH,88.767
2018-11-08,511880.SH,88.774
2018-11-09,511880.SH,88.791
2018-11-12,511880.SH,88.789
2018-11-13,511880.SH,88.791
2018-11-14,511880.SH,88.792
2018-11-15,511880.SH,88.804
2018-11-16,511880.SH,88.821
2018-11-19,511880.SH,88.836
2018-11-20,511880.SH,88.847
2018-11-21,511880.SH,88.866
2018-11-22,511880.SH,88.882
2018-11-23,511880.SH,88.908
2018-11-26,511880.SH,88.915
2018-11-27,511880.SH,88.916
2018-11-28,511880.SH,88.891
2018-11-29,511880.SH,88.902
2018-11-30,511880.SH,88.913
2018-12-03,511880.SH,88.912
2018-12-04,511880.SH,88.933
2018-12-05,511880.SH,88.938
2018-12-06,511880.SH,88.957
2018-12-07,511880.SH,88.996
2018-12-10,511880.SH,88.989
2018-12-11,511880.SH,88.984
2018-12-12,511880.SH,88.986
2018-12-13,511880.SH,88.97
2018-12-14,511880.SH,88.989
2018-12-17,511880.SH,89.001
2018-12-18,511880.SH,89.014
2018-12-19,511880.SH,89.014
2018-12-20,511880.SH,89.007
2018-12-21,511880.SH,89.029
2018-12-24,511880.SH,89.039
2018-12-25,511880.SH,89.034
2018-12-26,511880.SH,89.014
2018-12-27,511880.SH,89.033
2018-12-28,511880.SH,89.16
2019-01-02,511880.SH,89.17
2019-01-03,511880.SH,89.226
2019-01-04,511880.SH,89.3
2019-01-07,511880.SH,89.351
2019-01-08,511880.SH,89.308
2019-01-09,511880.SH,89.25
2019-01-10,511880.SH,89.249
2019-01-11,511880.SH,89.265
2019-01-14,511880.SH,89.274
2019-01-15,511880.SH,89.276
2019-01-16,511880.SH,89.285
2019-01-17,511880.SH,89.286
2019-01-18,511880.SH,89.294
2019-01-21,511880.SH,89.303
2019-01-22,511880.SH,89.315
2019-01-23,511880.SH,89.33
2019-01-24,511880.SH,89.332
2019-01-25,511880.SH,89.349
2019-01-28,511880.SH,89.352
2019-01-29,511880.SH,89.375
2019-01-30,511880.SH,89.37
2019-01-31,511880.SH,89.387
2019-02-01,511880.SH,89.473
2019-02-11,511880.SH,89.464
2019-02-12,511880.SH,89.469
2019-02-13,511880.SH,89.475
2019-02-14,511880.SH,89.485
2019-02-15,511880.SH,89.496
2019-02-18,511880.SH,89.501
2019-02-19,511880.SH,89.519
2019-02-20,511880.SH,89.526
2019-02-21,511880.SH,89.531
2019-02-22,511880.SH,89.534
2019-02-25,511880.SH,89.521
2019-02-26,511880.SH,89.532
2019-02-27,511880.SH,89.573
2019-02-28,511880.SH,89.621
2019-03-01,511880.SH,89.665
2019-03-04,511880.SH,89.617
2019-03-05,511880.SH,89.608
2019-03-06,511880.SH,89.619
2019-03-07,511880.SH,89.636
2019-03-08,511880.SH,89.645
2019-03-11,511880.SH,89.65
2019-03-12,511880.SH,89.652
2019-03-13,511880.SH,89.69
2019-03-14,511880.SH,89.69
2019-03-15,511880.SH,89.693
2019-03-18,511880.SH,89.691
2019-03-19,511880.SH,89.698
2019-03-20,511880.SH,89.706
2019-03-21,511880.SH,89.72
2019-03-22,511880.SH,89.739
2019-03-25,511880.SH,89.763
2019-03-26,511880.SH,89.771
2019-03-27,511880.SH,89.766
2019-03-28,511880.SH,89.748
2019-03-29,511880.SH,89.764
2019-04-01,511880.SH,89.772
2019-04-02,511880.SH,89.797
2019-04-03,511880.SH,89.823
2019-04-04,511880.SH,89.875
2019-04-08,511880.SH,89.888
2019-04-09,511880.SH,89.878
2019-04-10,511880.SH,89.853
2019-04-11,511880.SH,89.858
2019-04-12,511880.SH,89.87
2019-04-15,511880.SH,89.881
2019-04-16,511880.SH,89.866
2019-04-17,511880.SH,89.882
2019-04-18,511880.SH,89.891
2019-04-19,511880.SH,89.903
2019-04-22,511880.SH,89.922
2019-04-23,511880.SH,89.93
2019-04-24,511880.SH,89.934
2019-04-25,511880.SH,89.932
2019-04-26,511880.SH,89.945
2019-04-29,511880.SH,89.939
2019-04-30,511880.SH,89.987
2019-05-06,511880.SH,90.011
2019-05-07,511880.SH,90.023
2019-05-08,511880.SH,90.027
2019-05-09,511880.SH,90.036
2019-05-10,511880.SH,90.041
2019-05-13,511880.SH,90.054
2019-05-14,511880.SH,90.06
2019-05-15,511880.SH,90.065
2019-05-16,511880.SH,90.065
2019-05-17,511880.SH,90.091
2019-05-20,511880.SH,90.09
2019-05-21,511880.SH,90.101
2019-05-22,511880.SH,90.103
2019-05-23,511880.SH,90.106
2019-05-24,511880.SH,90.121
2019-05-27,511880.SH,90.129
2019-05-28,511880.SH,90.139
2019-05-29,511880.SH,90.139
2019-05-30,511880.SH,90.154
2019-05-31,511880.SH,90.169
2019-06-03,511880.SH,90.175
2019-06-04,511880.SH,90.186
2019-06-05,511880.SH,90.188
2019-06-06,511880.SH,90.207
2019-06-10,511880.SH,90.217
2019-06-11,511880.SH,90.217
2019-06-12,511880.SH,90.228
2019-06-13,511880.SH,90.235
2019-06-14,511880.SH,90.254
2019-06-17,511880.SH,90.26
2019-06-18,511880.SH,90.265
2019-06-19,511880.SH,90.254
2019-06-20,511880.SH,90.255
2019-06-21,511880.SH,90.279
2019-06-24,511880.SH,90.29
2019-06-25,511880.SH,90.304
2019-06-26,511880.SH,90.31
2019-06-27,511880.SH,90.306
2019-06-28,511880.SH,90.326
2019-07-01,511880.SH,90.321
2019-07-02,511880.SH,90.345
2019-07-03,511880.SH,90.362
2019-07-04,511880.SH,90.373
2019-07-05,511880.SH,90.39
2019-07-08,511880.SH,90.396
2019-07-09,511880.SH,90.393
2019-07-10,511880.SH,90.399
2019-07-11,511880.SH,90.402
2019-07-12,511880.SH,90.413
2019-07-15,511880.SH,90.416
2019-07-16,511880.SH,90.425
2019-07-17,511880.SH,90.434
2019-07-18,511880.SH,90.443
2019-07-19,511880.SH,90.454
2019-07-22,511880.SH,90.455
2019-07-23,511880.SH,90.468
2019-07-24,511880.SH,90.472
2019-07-25,511880.SH,90.475
2019-07-26,511880.SH,90.492
2019-07-29,511880.SH,90.496
2019-07-30,511880.SH,90.498
2019-07-31,511880.SH,90.51
2019-08-01,511880.SH,90.52
2019-08-02,511880.SH,90.532
2019-08-05,511880.SH,90.539
2019-08-06,511880.SH,90.546
2019-08-07,511880.SH,90.555
2019-08-08,511880.SH,90.559
2019-08-09,511880.SH,90.577
2019-08-12,511880.SH,90.585
2019-08-13,511880.SH,90.59
2019-08-14,511880.SH,90.593
2019-08-15,511880.SH,90.594
2019-08-16,511880.SH,90.607
2019-08-19,511880.SH,90.603
2019-08-20,511880.SH,90.613
2019-08-21,511880.SH,90.628
2019-08-22,511880.SH,90.638
2019-08-23,511880.SH,90.646
2019-08-26,511880.SH,90.654
2019-08-27,511880.SH,90.655
2019-08-28,511880.SH,90.663
2019-08-29,511880.SH,90.678
2019-08-30,511880.SH,90.693
2019-09-02,511880.SH,90.7
2019-09-03,511880.SH,90.707
2019-09-04,511880.SH,90.706
2019-09-05,511880.SH,90.708
2019-09-06,511880.SH,90.727
2019-09-09,511880.SH,90.727
2019-09-10,511880.SH,90.736
2019-09-11,511880.SH,90.75
2019-09-12,511880.SH,90.777
2019-09-16,511880.SH,90.784
2019-09-17,511880.SH,90.806
2019-09-18,511880.SH,90.806
2019-09-19,511880.SH,90.798
2019-09-20,511880.SH,90.81
2019-09-23,511880.SH,90.812
2019-09-24,511880.SH,90.818
2019-09-25,511880.SH,90.833
2019-09-26,511880.SH,90.837
2019-09-27,511880.SH,90.861
2019-09-30,511880.SH,90.932
2019-10-08,511880.SH,90.932
2019-10-09,511880.SH,90.912
2019-10-10,511880.SH,90.918
2019-10-11,511880.SH,90.933
2019-10-14,511880.SH,90.936
2019-10-15,511880.SH,90.958
2019-10-16,511880.SH,90.965
2019-10-17,511880.SH,90.963
2019-10-18,511880.SH,91.002
2019-10-21,511880.SH,90.996
2019-10-22,511880.SH,90.996
2019-10-23,511880.SH,90.992
2019-10-24,511880.SH,90.999
2019-10-25,511880.SH,91.005
2019-10-28,511880.SH,91.01
2019-10-29,511880.SH,91.024
2019-10-30,511880.SH,91.035
2019-10-31,511880.SH,91.045
2019-11-01,511880.SH,91.052
2019-11-04,511880.SH,91.058
2019-11-05,511880.SH,91.056
2019-11-06,511880.SH,91.071
2019-11-07,511880.SH,91.078
2019-11-08,511880.SH,91.102
2019-11-11,511880.SH,91.12
2019-11-12,511880.SH,91.123
2019-11-13,511880.SH,91.12
2019-11-14,511880.SH,91.123
2019-11-15,511880.SH,91.13
2019-11-18,511880.SH,91.141
2019-11-19,511880.SH,91.149
2019-11-20,511880.SH,91.158
2019-11-21,511880.SH,91.157
2019-11-22,511880.SH,91.173
2019-11-25,511880.SH,91.178
2019-11-26,511880.SH,91.182
2019-11-27,511880.SH,91.214
2019-11-28,511880.SH,91.201
2019-11-29,511880.SH,91.222
2019-12-02,511880.SH,91.225
2019-12-03,511880.SH,91.23
2019-12-04,511880.SH,91.236
2019-12-05,511880.SH,91.234
2019-12-06,511880.SH,91.246
2019-12-09,511880.SH,91.262
2019-12-10,511880.SH,91.263
2019-12-11,511880.SH,91.265
2019-12-12,511880.SH,91.275
2019-12-13,511880.SH,91.277
2019-12-16,511880.SH,91.294
2019-12-17,511880.SH,91.292
2019-12-18,511880.SH,91.299
2019-12-19,511880.SH,91.313
2019-12-20,511880.SH,91.33
2019-12-23,511880.SH,91.346
2019-12-24,511880.SH,91.363
2019-12-25,511880.SH,91.369
2019-12-26,511880.SH,91.361
2019-12-27,511880.SH,91.368
2019-12-30,511880.SH,91.351
2019-12-31,511880.SH,91.346
2020-01-02,511880.SH,91.357
2020-01-03,511880.SH,91.389
2020-01-06,511880.SH,91.392
2020-01-07,511880.SH,91.403
2020-01-08,511880.SH,91.414
2020-01-09,511880.SH,91.419
2020-01-10,511880.SH,91.437
2020-01-13,511880.SH,91.444
2020-01-14,511880.SH,91.458
2020-01-15,511880.SH,91.465
2020-01-16,511880.SH,91.467
2020-01-17,511880.SH,91.501
2020-01-20,511880.SH,91.491
2020-01-21,511880.SH,91.502
2020-01-22,511880.SH,91.529
2020-01-23,511880.SH,91.61
2020-02-03,511880.SH,91.576
2020-02-04,511880.SH,91.584
2020-02-05,511880.SH,91.612
2020-02-06,511880.SH,91.62
2020-02-07,511880.SH,91.641
2020-02-10,511880.SH,91.637
2020-02-11,511880.SH,91.628
2020-02-12,511880.SH,91.633
2020-02-13,511880.SH,91.641
2020-02-14,511880.SH,91.657
2020-02-17,511880.SH,91.65
2020-02-18,511880.SH,91.667
2020-02-19,511880.SH,91.681
2020-02-20,511880.SH,91.677
2020-02-21,511880.SH,91.686
2020-02-24,511880.SH,91.704
2020-02-25,511880.SH,91.707
2020-02-26,511880.SH,91.729
2020-02-27,511880.SH,91.735
2020-02-28,511880.SH,91.783
2020-03-02,511880.SH,91.769
2020-03-03,511880.SH,91.773
2020-03-04,511880.SH,91.775
2020-03-05,511880.SH,91.775
2020-03-06,511880.SH,91.796
2020-03-09,511880.SH,91.807
2020-03-10,511880.SH,91.788
2020-03-11,511880.SH,91.811
2020-03-12,511880.SH,91.82
2020-03-13,511880.SH,91.824
2020-03-16,511880.SH,91.84
2020-03-17,511880.SH,91.848
2020-03-18,511880.SH,91.852
2020-03-19,511880.SH,91.856
2020-03-20,511880.SH,91.873
2020-03-23,511880.SH,91.885
2020-03-24,511880.SH,91.875
2020-03-25,511880.SH,91.876
2020-03-26,511880.SH,91.878
2020-03-27,511880.SH,91.892
2020-03-30,511880.SH,91.891
2020-03-31,511880.SH,91.9
2020-04-01,511880.SH,91.909
2020-04-02,511880.SH,91.91
2020-04-03,511880.SH,91.933
2020-04-07,511880.SH,91.934
2020-04-08,511880.SH,91.942
2020-04-09,511880.SH,91.948
2020-04-10,511880.SH,91.966
2020-04-13,511880.SH,91.971
2020-04-14,511880.SH,91.973
2020-04-15,511880.SH,91.972
2020-04-16,511880.SH,91.975
2020-04-17,511880.SH,91.975
2020-04-20,511880.SH,91.985
2020-04-21,511880.SH,91.996
2020-04-22,511880.SH,92.001
2020-04-23,511880.SH,92.003
2020-04-24,511880.SH,92.015
2020-04-27,511880.SH,92.018
2020-04-28,511880.SH,92.022
2020-04-29,511880.SH,92.01
2020-04-30,511880.SH,92.025
2020-05-06,511880.SH,92.031
2020-05-07,511880.SH,92.042
2020-05-08,511880.SH,92.056
2020-05-11,511880.SH,92.064
2020-05-12,511880.SH,92.076
2020-05-13,511880.SH,92.081
2020-05-14,511880.SH,92.083
2020-05-15,511880.SH,92.092
2020-05-18,511880.SH,92.093
2020-05-19,511880.SH,92.096
2020-05-20,511880.SH,92.1
2020-05-21,511880.SH,92.104
2020-05-22,511880.SH,92.114
2020-05-25,511880.SH,92.12
2020-05-26,511880.SH,92.12
2020-05-27,511880.SH,92.123
2020-05-28,511880.SH,92.121
2020-05-29,511880.SH,92.137
2020-06-01,511880.SH,92.135
2020-06-02,511880.SH,92.142
2020-06-03,511880.SH,92.149
2020-06-04,511880.SH,92.153
2020-06-05,511880.SH,92.171
2020-06-08,511880.SH,92.174
2020-06-09,511880.SH,92.176
2020-06-10,511880.SH,92.172
2020-06-11,511880.SH,92.18
2020-06-12,511880.SH,92.193
2020-06-15,511880.SH,92.202
2020-06-16,511880.SH,92.196
2020-06-17,511880.SH,92.198
2020-06-18,511880.SH,92.206
2020-06-19,511880.SH,92.191
2020-06-22,511880.SH,92.204
2020-06-23,511880.SH,92.206
2020-06-24,511880.SH,92.24
2020-06-29,511880.SH,92.227
2020-06-30,511880.SH,92.232
2020-07-01,511880.SH,92.249
2020-07-02,511880.SH,92.244
2020-07-03,511880.SH,92.26
2020-07-06,511880.SH,92.237
2020-07-07,511880.SH,92.282
2020-07-08,511880.SH,92.304
2020-07-09,511880.SH,92.309
2020-07-10,511880.SH,92.356
2020-07-13,511880.SH,92.343
2020-07-14,511880.SH,92.386
2020-07-15,511880.SH,92.424
2020-07-16,511880.SH,92.403
2020-07-17,511880.SH,92.382
2020-07-20,511880.SH,92.348
2020-07-21,511880.SH,92.358
2020-07-22,511880.SH,92.345
2020-07-23,511880.SH,92.361
2020-07-24,511880.SH,92.375
2020-07-27,511880.SH,92.377
2020-07-28,511880.SH,92.376
2020-07-29,511880.SH,92.361
2020-07-30,511880.SH,92.379
2020-07-31,511880.SH,92.386
2020-08-03,511880.SH,92.388
2020-08-04,511880.SH,92.409
2020-08-05,511880.SH,92.407
2020-08-06,511880.SH,92.424
2020-08-07,511880.SH,92.426
2020-08-10,511880.SH,92.432
2020-08-11,511880.SH,92.437
2020-08-12,511880.SH,92.436
2020-08-13,511880.SH,92.447
2020-08-14,511880.SH,92.441
2020-08-17,511880.SH,92.445
2020-08-18,511880.SH,92.454
2020-08-19,511880.SH,92.462
2020-08-20,511880.SH,92.479
2020-08-21,511880.SH,92.486
2020-08-24,511880.SH,92.486
2020-08-25,511880.SH,92.493
2020-08-26,511880.SH,92.506
2020-08-27,511880.SH,92.502
2020-08-28,511880.SH,92.495
2020-08-31,511880.SH,92.508
2020-09-01,511880.SH,92.521
2020-09-02,511880.SH,92.538
2020-09-03,511880.SH,92.531
2020-09-04,511880.SH,92.537
2020-09-07,511880.SH,92.557
2020-09-08,511880.SH,92.553
2020-09-09,511880.SH,92.558
2020-09-10,511880.SH,92.57
2020-09-11,511880.SH,92.582
2020-09-14,511880.SH,92.592
2020-09-15,511880.SH,92.594
2020-09-16,511880.SH,92.596
2020-09-17,511880.SH,92.599
2020-09-18,511880.SH,92.601
2020-09-21,511880.SH,92.613
2020-09-22,511880.SH,92.637
2020-09-23,511880.SH,92.644
2020-09-24,511880.SH,92.641
2020-09-25,511880.SH,92.653
2020-09-28,511880.SH,92.662
2020-09-29,511880.SH,92.676
2020-09-30,511880.SH,92.733
2020-10-09,511880.SH,92.736
2020-10-12,511880.SH,92.728
2020-10-13,511880.SH,92.727
2020-10-14,511880.SH,92.746
2020-10-15,511880.SH,92.747
2020-10-16,511880.SH,92.77
2020-10-19,511880.SH,92.779
2020-10-20,511880.SH,92.784
2020-10-21,511880.SH,92.787
2020-10-22,511880.SH,92.788
2020-10-23,511880.SH,92.789
2020-10-26,511880.SH,92.795
2020-10-27,511880.SH,92.8
2020-10-28,511880.SH,92.806
2020-10-29,511880.SH,92.815
2020-10-30,511880.SH,92.836
2020-11-02,511880.SH,92.862
2020-11-03,511880.SH,92.852
2020-11-04,511880.SH,92.879
2020-11-05,511880.SH,92.872
2020-11-06,511880.SH,92.896
2020-11-09,511880.SH,92.886
2020-11-10,511880.SH,92.909
2020-11-11,511880.SH,92.928
2020-11-12,511880.SH,92.943
2020-11-13,511880.SH,92.934
2020-11-16,511880.SH,92.919
2020-11-17,511880.SH,92.933
2020-11-18,511880.SH,92.934
2020-11-19,511880.SH,92.931
2020-11-20,511880.SH,92.942
2020-11-23,511880.SH,92.95
2020-11-24,511880.SH,92.958
2020-11-25,511880.SH,92.972
2020-11-26,511880.SH,92.973
2020-11-27,511880.SH,92.984
2020-11-30,511880.SH,92.999
2020-12-01,511880.SH,92.998
2020-12-02,511880.SH,93.006
2020-12-03,511880.SH,93.018
2020-12-04,511880.SH,93.042
2020-12-07,511880.SH,93.048
2020-12-08,511880.SH,93.05
2020-12-09,511880.SH,93.051
2020-12-10,511880.SH,93.054
2020-12-11,511880.SH,93.073
2020-12-14,511880.SH,93.081
2020-12-15,511880.SH,93.091
2020-12-16,511880.SH,93.095
2020-12-17,511880.SH,93.07
2020-12-18,511880.SH,93.093
2020-12-21,511880.SH,93.1
2020-12-22,511880.SH,93.124
2020-12-23,511880.SH,93.133
2020-12-24,511880.SH,93.149
2020-12-25,511880.SH,93.153
2020-12-28,511880.SH,93.161
2020-12-29,511880.SH,93.174
2020-12-30,511880.SH,93.168
2020-12-31,511880.SH,93.274
2021-01-04,511880.SH,93.283
2021-01-05,511880.SH,93.298
2021-01-06,511880.SH,93.336
2021-01-07,511880.SH,93.356
2021-01-08,511880.SH,93.351
2021-01-11,511880.SH,93.345
2021-01-12,511880.SH,93.361
2021-01-13,511880.SH,93.344
2021-01-14,511880.SH,93.343
2021-01-15,511880.SH,93.361
2021-01-18,511880.SH,93.371
2021-01-19,511880.SH,93.369
2021-01-20,511880.SH,93.377
2021-01-21,511880.SH,93.378
2021-01-22,511880.SH,93.399
2021-01-25,511880.SH,93.403
2021-01-26,511880.SH,93.406
2021-01-27,511880.SH,93.409
2021-01-28,511880.SH,93.405
2021-01-29,511880.SH,93.433
2021-02-01,511880.SH,93.441
2021-02-02,511880.SH,93.453
2021-02-03,511880.SH,93.474
2021-02-04,511880.SH,93.477
2021-02-05,511880.SH,93.503
2021-02-08,511880.SH,93.5
2021-02-09,511880.SH,93.52
2021-02-10,511880.SH,93.567
2021-02-18,511880.SH,93.563
2021-02-19,511880.SH,93.578
2021-02-22,511880.SH,93.581
2021-02-23,511880.SH,93.603
2021-02-24,511880.SH,93.603
2021-02-25,511880.SH,93.612
2021-02-26,511880.SH,93.62
2021-03-01,511880.SH,93.631
2021-03-02,511880.SH,93.645
2021-03-03,511880.SH,93.658
2021-03-04,511880.SH,93.634
2021-03-05,511880.SH,93.655
2021-03-08,511880.SH,93.661
2021-03-09,511880.SH,93.662
2021-03-10,511880.SH,93.671
2021-03-11,511880.SH,93.678
2021-03-12,511880.SH,93.695
2021-03-15,511880.SH,93.724
2021-03-16,511880.SH,93.713
2021-03-17,511880.SH,93.708
2021-03-18,511880.SH,93.707
2021-03-19,511880.SH,93.722
2021-03-22,511880.SH,93.733
2021-03-23,511880.SH,93.74
2021-03-24,511880.SH,93.746
2021-03-25,511880.SH,93.748
2021-03-26,511880.SH,93.755
2021-03-29,511880.SH,93.762
2021-03-30,511880.SH,93.762
2021-03-31,511880.SH,93.784
2021-04-01,511880.SH,93.791
2021-04-02,511880.SH,93.808
2021-04-06,511880.SH,93.816
2021-04-07,511880.SH,93.824
2021-04-08,511880.SH,93.824
2021-04-09,511880.SH,93.843
2021-04-12,511880.SH,93.854
2021-04-13,511880.SH,93.858
2021-04-14,511880.SH,93.863
2021-04-15,511880.SH,93.874
2021-04-16,511880.SH,93.878
2021-04-19,511880.SH,93.877
2021-04-20,511880.SH,93.89
2021-04-21,511880.SH,93.894
2021-04-22,511880.SH,93.9
2021-04-23,511880.SH,93.913
2021-04-26,511880.SH,93.914
2021-04-27,511880.SH,93.92
2021-04-28,511880.SH,93.924
2021-04-29,511880.SH,93.947
2021-04-30,511880.SH,93.967
2021-05-06,511880.SH,93.965
2021-05-07,511880.SH,93.983
2021-05-10,511880.SH,93.993
2021-05-11,511880.SH,94.003
2021-05-12,511880.SH,94.007
2021-05-13,511880.SH,94.008
2021-05-14,511880.SH,93.995
2021-05-17,511880.SH,94.015
2021-05-18,511880.SH,94.032
2021-05-19,511880.SH,94.039
2021-05-20,511880.SH,94.037
2021-05-21,511880.SH,94.054
2021-05-24,511880.SH,94.065
2021-05-25,511880.SH,94.048
2021-05-26,511880.SH,94.07
2021-05-27,511880.SH,94.067
2021-05-28,511880.SH,94.086
2021-05-31,511880.SH,94.086
2021-06-01,511880.SH,94.096
2021-06-02,511880.SH,94.105
2021-06-03,511880.SH,94.11
2021-06-04,511880.SH,94.13
2021-06-07,511880.SH,94.137
2021-06-08,511880.SH,94.147
2021-06-09,511880.SH,94.141
2021-06-10,511880.SH,94.143
2021-06-11,511880.SH,94.159
2021-06-15,511880.SH,94.173
2021-06-16,511880.SH,94.187
2021-06-17,511880.SH,94.203
2021-06-18,511880.SH,94.205
2021-06-21,511880.SH,94.203
2021-06-22,511880.SH,94.205
2021-06-23,511880.SH,94.211
2021-06-24,511880.SH,94.221
2021-06-25,511880.SH,94.231
2021-06-28,511880.SH,94.225
2021-06-29,511880.SH,94.246
2021-06-30,511880.SH,94.259
2021-07-01,511880.SH,94.289
2021-07-02,511880.SH,94.287
2021-07-05,511880.SH,94.294
2021-07-06,511880.SH,94.298
2021-07-07,511880.SH,94.3
2021-07-08,511880.SH,94.308
2021-07-09,511880.SH,94.32
2021-07-12,511880.SH,94.323
2021-07-13,511880.SH,94.332
2021-07-14,511880.SH,94.356
2021-07-15,511880.SH,94.337
2021-07-16,511880.SH,94.358
2021-07-19,511880.SH,94.362
2021-07-20,511880.SH,94.363
2021-07-21,511880.SH,94.369
2021-07-22,511880.SH,94.37
2021-07-23,511880.SH,94.378
2021-07-26,511880.SH,94.391
2021-07-27,511880.SH,94.399
2021-07-28,511880.SH,94.404
2021-07-29,511880.SH,94.405
2021-07-30,511880.SH,94.439
2021-08-02,511880.SH,94.429
2021-08-03,511880.SH,94.448
2021-08-04,511880.SH,94.443
2021-08-05,511880.SH,94.456
2021-08-06,511880.SH,94.484
2021-08-09,511880.SH,94.482
2021-08-10,511880.SH,94.479
2021-08-11,511880.SH,94.487
2021-08-12,511880.SH,94.511
2021-08-13,511880.SH,94.511
2021-08-16,511880.SH,94.508
2021-08-17,511880.SH,94.512
2021-08-18,511880.SH,94.515
2021-08-19,511880.SH,94.518
2021-08-20,511880.SH,94.537
2021-08-23,511880.SH,94.529
2021-08-24,511880.SH,94.531
2021-08-25,511880.SH,94.546
2021-08-26,511880.SH,94.552
2021-08-27,511880.SH,94.558
2021-08-30,511880.SH,94.565
2021-08-31,511880.SH,94.579
2021-09-01,511880.SH,94.592
2021-09-02,511880.SH,94.598
2021-09-03,511880.SH,94.624
2021-09-06,511880.SH,94.617
2021-09-07,511880.SH,94.624
2021-09-08,511880.SH,94.627
2021-09-09,511880.SH,94.633
2021-09-10,511880.SH,94.646
2021-09-13,511880.SH,94.646
2021-09-14,511880.SH,94.66
2021-09-15,511880.SH,94.662
2021-09-16,511880.SH,94.67
2021-09-17,511880.SH,94.695
2021-09-22,511880.SH,94.69
2021-09-23,511880.SH,94.696
2021-09-24,511880.SH,94.712
2021-09-27,511880.SH,94.715
2021-09-28,511880.SH,94.734
2021-09-29,511880.SH,94.752
2021-09-30,511880.SH,94.817
2021-10-08,511880.SH,94.8
2021-10-11,511880.SH,94.806
2021-10-12,511880.SH,94.817
2021-10-13,511880.SH,94.829
2021-10-14,511880.SH,94.851
2021-10-15,511880.SH,94.857
2021-10-18,511880.SH,94.841
2021-10-19,511880.SH,94.837
2021-10-20,511880.SH,94.85
2021-10-21,511880.SH,94.851
2021-10-22,511880.SH,94.867
2021-10-25,511880.SH,94.877
2021-10-26,511880.SH,94.883
2021-10-27,511880.SH,94.896
2021-10-28,511880.SH,94.879
2021-10-29,511880.SH,94.898
2021-11-01,511880.SH,94.902
2021-11-02,511880.SH,94.909
2021-11-03,511880.SH,94.915
2021-11-04,511880.SH,94.921
2021-11-05,511880.SH,94.929
2021-11-08,511880.SH,94.936
2021-11-09,511880.SH,94.946
2021-11-10,511880.SH,94.959
2021-11-11,511880.SH,94.953
2021-11-12,511880.SH,94.959
2021-11-15,511880.SH,94.973
2021-11-16,511880.SH,94.984
2021-11-17,511880.SH,94.99
2021-11-18,511880.SH,95.002
2021-11-19,511880.SH,95.006
2021-11-22,511880.SH,95.011
2021-11-23,511880.SH,95.016
2021-11-24,511880.SH,95.021
2021-11-25,511880.SH,95.028
2021-11-26,511880.SH,95.042
2021-11-29,511880.SH,95.032
2021-11-30,511880.SH,95.045
2021-12-01,511880.SH,95.062
2021-12-02,511880.SH,95.065
2021-12-03,511880.SH,95.076
2021-12-06,511880.SH,95.088
2021-12-07,511880.SH,95.103
2021-12-08,511880.SH,95.095
2021-12-09,511880.SH,95.093
2021-12-10,511880.SH,95.111
2021-12-13,511880.SH,95.12
2021-12-14,511880.SH,95.132
2021-12-15,511880.SH,95.136
2021-12-16,511880.SH,95.139
2021-12-17,511880.SH,95.16
2021-12-20,511880.SH,95.164
2021-12-21,511880.SH,95.158
2021-12-22,511880.SH,95.173
2021-12-23,511880.SH,95.177
2021-12-24,511880.SH,95.193
2021-12-27,511880.SH,95.195
2021-12-28,511880.SH,95.204
2021-12-29,511880.SH,95.208
2021-12-30,511880.SH,95.213
2021-12-31,511880.SH,95.234
2022-01-04,511880.SH,95.227
2022-01-05,511880.SH,95.222
2022-01-06,511880.SH,95.236
2022-01-07,511880.SH,95.255
2022-01-10,511880.SH,95.262
2022-01-11,511880.SH,95.275
2022-01-12,511880.SH,95.278
2022-01-13,511880.SH,95.284
2022-01-14,511880.SH,95.299
2022-01-17,511880.SH,95.31
2022-01-18,511880.SH,95.316
2022-01-19,511880.SH,95.308
2022-01-20,511880.SH,95.303
2022-01-21,511880.SH,95.329
2022-01-24,511880.SH,95.33
2022-01-25,511880.SH,95.342
2022-01-26,511880.SH,95.352
2022-01-27,511880.SH,95.371
2022-01-28,511880.SH,95.431
2022-02-07,511880.SH,95.454
2022-02-08,511880.SH,95.456
2022-02-09,511880.SH,95.435
2022-02-10,511880.SH,95.428
2022-02-11,511880.SH,95.443
2022-02-14,511880.SH,95.445
2022-02-15,511880.SH,95.457
2022-02-16,511880.SH,95.461
2022-02-17,511880.SH,95.465
2022-02-18,511880.SH,95.477
2022-02-21,511880.SH,95.478
2022-02-22,511880.SH,95.482
2022-02-23,511880.SH,95.482
2022-02-24,511880.SH,95.489
2022-02-25,511880.SH,95.499
2022-02-28,511880.SH,95.505
2022-03-01,511880.SH,95.516
2022-03-02,511880.SH,95.525
2022-03-03,511880.SH,95.538
2022-03-04,511880.SH,95.548
2022-03-07,511880.SH,95.556
2022-03-08,511880.SH,95.562
2022-03-09,511880.SH,95.571
2022-03-10,511880.SH,95.571
2022-03-11,511880.SH,95.586
2022-03-14,511880.SH,95.601
2022-03-15,511880.SH,95.597
2022-03-16,511880.SH,95.587
2022-03-17,511880.SH,95.597
2022-03-18,511880.SH,95.604
2022-03-21,511880.SH,95.633
2022-03-22,511880.SH,95.625
2022-03-23,511880.SH,95.631
2022-03-24,511880.SH,95.65
2022-03-25,511880.SH,95.656
2022-03-28,511880.SH,95.651
2022-03-29,511880.SH,95.667
2022-03-30,511880.SH,95.652
2022-03-31,511880.SH,95.697
2022-04-01,511880.SH,95.7
2022-04-06,511880.SH,95.714
2022-04-07,511880.SH,95.725
2022-04-08,511880.SH,95.739
2022-04-11,511880.SH,95.745
2022-04-12,511880.SH,95.741
2022-04-13,511880.SH,95.745
2022-04-14,511880.SH,95.752
2022-04-15,511880.SH,95.769
2022-04-18,511880.SH,95.768
2022-04-19,511880.SH,95.779
2022-04-20,511880.SH,95.778
2022-04-21,511880.SH,95.781
2022-04-22,511880.SH,95.787
2022-04-25,511880.SH,95.791
2022-04-26,511880.SH,95.801
2022-04-27,511880.SH,95.807
2022-04-28,511880.SH,95.83
2022-04-29,511880.SH,95.858
2022-05-05,511880.SH,95.848
2022-05-06,511880.SH,95.872
2022-05-09,511880.SH,95.879
2022-05-10,511880.SH,95.885
2022-05-11,511880.SH,95.883
2022-05-12,511880.SH,95.89
2022-05-13,511880.SH,95.912
2022-05-16,511880.SH,95.917
2022-05-17,511880.SH,95.915
2022-05-18,511880.SH,95.92
2022-05-19,511880.SH,95.926
2022-05-20,511880.SH,95.927
2022-05-23,511880.SH,95.935
2022-05-24,511880.SH,95.947
2022-05-25,511880.SH,95.949
2022-05-26,511880.SH,95.956
2022-05-27,511880.SH,95.966
2022-05-30,511880.SH,95.96
2022-05-31,511880.SH,95.964
2022-06-01,511880.SH,95.973
2022-06-02,511880.SH,95.969
2022-06-06,511880.SH,95.986
2022-06-07,511880.SH,95.997
2022-06-08,511880.SH,96.001
2022-06-09,511880.SH,96.008
2022-06-10,511880.SH,95.995
2022-06-13,511880.SH,96.028
2022-06-14,511880.SH,96.039
2022-06-15,511880.SH,96.036
2022-06-16,511880.SH,96.039
2022-06-17,511880.SH,96.05
2022-06-20,511880.SH,96.058
2022-06-21,511880.SH,96.062
2022-06-22,511880.SH,96.076
2022-06-23,511880.SH,96.063
2022-06-24,511880.SH,96.073
2022-06-27,511880.SH,96.083
2022-06-28,511880.SH,96.094
2022-06-29,511880.SH,96.104
2022-06-30,511880.SH,96.106
2022-07-01,511880.SH,96.126
2022-07-04,511880.SH,96.132
2022-07-05,511880.SH,96.155
2022-07-06,511880.SH,96.163
2022-07-07,511880.SH,96.157
2022-07-08,511880.SH,96.165
2022-07-11,511880.SH,96.171
2022-07-12,511880.SH,96.176
2022-07-13,511880.SH,96.174
2022-07-14,511880.SH,96.173
2022-07-15,511880.SH,96.191
2022-07-18,511880.SH,96.196
2022-07-19,511880.SH,96.201
2022-07-20,511880.SH,96.2
2022-07-21,511880.SH,96.207
2022-07-22,511880.SH,96.222
2022-07-25,511880.SH,96.233
2022-07-26,511880.SH,96.229
2022-07-27,511880.SH,96.232
2022-07-28,511880.SH,96.237
2022-07-29,511880.SH,96.25
2022-08-01,511880.SH,96.255
2022-08-02,511880.SH,96.255
2022-08-03,511880.SH,96.266
2022-08-04,511880.SH,96.275
2022-08-05,511880.SH,96.279
2022-08-08,511880.SH,96.284
2022-08-09,511880.SH,96.289
2022-08-10,511880.SH,96.293
2022-08-11,511880.SH,96.289
2022-08-12,511880.SH,96.304
2022-08-15,511880.SH,96.31
2022-08-16,511880.SH,96.313
2022-08-17,511880.SH,96.313
2022-08-18,511880.SH,96.321
2022-08-19,511880.SH,96.335
2022-08-22,511880.SH,96.333
2022-08-23,511880.SH,96.341
2022-08-24,511880.SH,96.351
2022-08-25,511880.SH,96.345
2022-08-26,511880.SH,96.352
2022-08-29,511880.SH,96.354
2022-08-30,511880.SH,96.364
2022-08-31,511880.SH,96.37
2022-09-01,511880.SH,96.374
2022-09-02,511880.SH,96.381
2022-09-05,511880.SH,96.386
2022-09-06,511880.SH,96.388
2022-09-07,511880.SH,96.389
2022-09-08,511880.SH,96.394
2022-09-09,511880.SH,96.399
2022-09-13,511880.SH,96.407
2022-09-14,511880.SH,96.414
2022-09-15,511880.SH,96.428
2022-09-16,511880.SH,96.444
2022-09-19,511880.SH,96.445
2022-09-20,511880.SH,96.446
2022-09-21,511880.SH,96.451
2022-09-22,511880.SH,96.451
2022-09-23,511880.SH,96.465
2022-09-26,511880.SH,96.463
2022-09-27,511880.SH,96.452
2022-09-28,511880.SH,96.465
2022-09-29,511880.SH,96.453
2022-09-30,511880.SH,96.529
2022-10-10,511880.SH,96.525
2022-10-11,511880.SH,96.535
2022-10-12,511880.SH,96.537
2022-10-13,511880.SH,96.542
2022-10-14,511880.SH,96.543
2022-10-17,511880.SH,96.547
2022-10-18,511880.SH,96.554
2022-10-19,511880.SH,96.557
2022-10-20,511880.SH,96.561
2022-10-21,511880.SH,96.57
2022-10-24,511880.SH,96.576
2022-10-25,511880.SH,96.567
2022-10-26,511880.SH,96.57
2022-10-27,511880.SH,96.578
2022-10-28,511880.SH,96.598
2022-10-31,511880.SH,96.599
2022-11-01,511880.SH,96.593
2022-11-02,511880.SH,96.607
2022-11-03,511880.SH,96.612
2022-11-04,511880.SH,96.618
2022-11-07,511880.SH,96.617
2022-11-08,511880.SH,96.624
2022-11-09,511880.SH,96.63
2022-11-10,511880.SH,96.643
2022-11-11,511880.SH,96.639
2022-11-14,511880.SH,96.632
2022-11-15,511880.SH,96.631
2022-11-16,511880.SH,96.652
2022-11-17,511880.SH,96.65
2022-11-18,511880.SH,96.659
2022-11-21,511880.SH,96.666
2022-11-22,511880.SH,96.674
2022-11-23,511880.SH,96.669
2022-11-24,511880.SH,96.678
2022-11-25,511880.SH,96.686
2022-11-28,511880.SH,96.685
2022-11-29,511880.SH,96.683
2022-11-30,511880.SH,96.7
2022-12-01,511880.SH,96.69
2022-12-02,511880.SH,96.701
2022-12-05,511880.SH,96.707
2022-12-06,511880.SH,96.716
2022-12-07,511880.SH,96.72
2022-12-08,511880.SH,96.721
2022-12-09,511880.SH,96.73
2022-12-12,511880.SH,96.733
2022-12-13,511880.SH,96.735
2022-12-14,511880.SH,96.739
2022-12-15,511880.SH,96.763
2022-12-16,511880.SH,96.775
2022-12-19,511880.SH,96.777
2022-12-20,511880.SH,96.78
2022-12-21,511880.SH,96.775
2022-12-22,511880.SH,96.775
2022-12-23,511880.SH,96.786
2022-12-26,511880.SH,96.781
2022-12-27,511880.SH,96.794
2022-12-28,511880.SH,96.797
2022-12-29,511880.SH,96.761
2022-12-30,511880.SH,96.867
2023-01-03,511880.SH,96.828
2023-01-04,511880.SH,96.831
2023-01-05,511880.SH,96.826
2023-01-06,511880.SH,96.844
2023-01-09,511880.SH,96.848
2023-01-10,511880.SH,96.863
2023-01-11,511880.SH,96.857
2023-01-12,511880.SH,96.855
2023-01-13,511880.SH,96.868
2023-01-16,511880.SH,96.859
2023-01-17,511880.SH,96.875
2023-01-18,511880.SH,96.898
2023-01-19,511880.SH,96.902
2023-01-20,511880.SH,96.947
2023-01-30,511880.SH,96.941
2023-01-31,511880.SH,96.942
2023-02-01,511880.SH,96.954
2023-02-02,511880.SH,96.987
2023-02-03,511880.SH,97.03
2023-02-06,511880.SH,97.028
2023-02-07,511880.SH,96.982
2023-02-08,511880.SH,96.987
2023-02-09,511880.SH,96.982
2023-02-10,511880.SH,97.004
2023-02-13,511880.SH,97.004
2023-02-14,511880.SH,97.009
2023-02-15,511880.SH,97.016
2023-02-16,511880.SH,97.015
2023-02-17,511880.SH,97.035
2023-02-20,511880.SH,97.033
2023-02-21,511880.SH,97.037
2023-02-22,511880.SH,97.042
2023-02-23,511880.SH,97.051
2023-02-24,511880.SH,97.065
2023-02-27,511880.SH,97.063
2023-02-28,511880.SH,97.063
2023-03-01,511880.SH,97.075
2023-03-02,511880.SH,97.084
2023-03-03,511880.SH,97.098
2023-03-06,511880.SH,97.108
2023-03-07,511880.SH,97.122
2023-03-08,511880.SH,97.118
2023-03-09,511880.SH,97.132
2023-03-10,511880.SH,97.144
2023-03-13,511880.SH,97.132
2023-03-14,511880.SH,97.135
2023-03-15,511880.SH,97.141
2023-03-16,511880.SH,97.142
2023-03-17,511880.SH,97.151
2023-03-20,511880.SH,97.159
2023-03-21,511880.SH,97.163
2023-03-22,511880.SH,97.176
2023-03-23,511880.SH,97.188
2023-03-24,511880.SH,97.198
2023-03-27,511880.SH,97.197
2023-03-28,511880.SH,97.2
2023-03-29,511880.SH,97.197
2023-03-30,511880.SH,97.195
2023-03-31,511880.SH,97.192
2023-04-03,511880.SH,97.23
2023-04-04,511880.SH,97.252
2023-04-06,511880.SH,97.27
2023-04-07,511880.SH,97.283
2023-04-10,511880.SH,97.276
2023-04-11,511880.SH,97.28
2023-04-12,511880.SH,97.29
2023-04-13,511880.SH,97.297
2023-04-14,511880.SH,97.306
2023-04-17,511880.SH,97.314
2023-04-18,511880.SH,97.334
2023-04-19,511880.SH,97.335
2023-04-20,511880.SH,97.332
2023-04-21,511880.SH,97.345
2023-04-24,511880.SH,97.344
2023-04-25,511880.SH,97.347
2023-04-26,511880.SH,97.35
2023-04-27,511880.SH,97.369
2023-04-28,511880.SH,97.389
2023-05-04,511880.SH,97.414
2023-05-05,511880.SH,97.438
2023-05-08,511880.SH,97.431
2023-05-09,511880.SH,97.432
2023-05-10,511880.SH,97.449
2023-05-11,511880.SH,97.478
2023-05-12,511880.SH,97.495
2023-05-15,511880.SH,97.481
2023-05-16,511880.SH,97.475
2023-05-17,511880.SH,97.474
2023-05-18,511880.SH,97.47
2023-05-19,511880.SH,97.478
2023-05-22,511880.SH,97.483
2023-05-23,511880.SH,97.484
2023-05-24,511880.SH,97.487
2023-05-25,511880.SH,97.492
2023-05-26,511880.SH,97.508
2023-05-29,511880.SH,97.513
2023-05-30,511880.SH,97.513
2023-05-31,511880.SH,97.523
2023-06-01,511880.SH,97.529
2023-06-02,511880.SH,97.543
2023-06-05,511880.SH,97.549
2023-06-06,511880.SH,97.558
2023-06-07,511880.SH,97.564
2023-06-08,511880.SH,97.569
2023-06-09,511880.SH,97.564
2023-06-12,511880.SH,97.581
2023-06-13,511880.SH,97.583
2023-06-14,511880.SH,97.588
2023-06-15,511880.SH,97.583
2023-06-16,511880.SH,97.594
2023-06-19,511880.SH,97.608
2023-06-20,511880.SH,97.611
2023-06-21,511880.SH,97.632
2023-06-26,511880.SH,97.636
2023-06-27,511880.SH,97.644
2023-06-28,511880.SH,97.639
2023-06-29,511880.SH,97.629
2023-06-30,511880.SH,97.667
2023-07-03,511880.SH,97.682
2023-07-04,511880.SH,97.691
2023-07-05,511880.SH,97.699
2023-07-06,511880.SH,97.723
2023-07-07,511880.SH,97.732
2023-07-10,511880.SH,97.722
2023-07-11,511880.SH,97.723
2023-07-12,511880.SH,97.725
2023-07-13,511880.SH,97.729
2023-07-14,511880.SH,97.742
2023-07-17,511880.SH,97.751
2023-07-18,511880.SH,97.768
2023-07-19,511880.SH,97.757
2023-07-20,511880.SH,97.766
2023-07-21,511880.SH,97.773
2023-07-24,511880.SH,97.778
2023-07-25,511880.SH,97.778
2023-07-26,511880.SH,97.783
2023-07-27,511880.SH,97.794
2023-07-28,511880.SH,97.784
2023-07-31,511880.SH,97.793
2023-08-01,511880.SH,97.812
2023-08-02,511880.SH,97.823
2023-08-03,511880.SH,97.842
2023-08-04,511880.SH,97.856
2023-08-07,511880.SH,97.849
2023-08-08,511880.SH,97.854
2023-08-09,511880.SH,97.854
2023-08-10,511880.SH,97.859
2023-08-11,511880.SH,97.874
2023-08-14,511880.SH,97.884
2023-08-15,511880.SH,97.895
2023-08-16,511880.SH,97.908
2023-08-17,511880.SH,97.885
2023-08-18,511880.SH,97.901
2023-08-21,511880.SH,97.914
2023-08-22,511880.SH,97.904
2023-08-23,511880.SH,97.911
2023-08-24,511880.SH,97.917
2023-08-25,511880.SH,97.921
2023-08-28,511880.SH,97.923
2023-08-29,511880.SH,97.924
2023-08-30,511880.SH,97.933
2023-08-31,511880.SH,97.943
2023-09-01,511880.SH,97.983
2023-09-04,511880.SH,97.977
2023-09-05,511880.SH,97.969
2023-09-06,511880.SH,97.971
2023-09-07,511880.SH,97.978
2023-09-08,511880.SH,97.986
2023-09-11,511880.SH,97.989
2023-09-12,511880.SH,97.991
2023-09-13,511880.SH,97.999
2023-09-14,511880.SH,97.997
2023-09-15,511880.SH,98.007
2023-09-18,511880.SH,98.011
2023-09-19,511880.SH,98.014
2023-09-20,511880.SH,98.018
2023-09-21,511880.SH,98.017
2023-09-22,511880.SH,98.022
2023-09-25,511880.SH,98.042
2023-09-26,511880.SH,98.043
2023-09-27,511880.SH,98.052
2023-09-28,511880.SH,98.119
2023-10-09,511880.SH,98.139
2023-10-10,511880.SH,98.157
2023-10-11,511880.SH,98.144
2023-10-12,511880.SH,98.145
2023-10-13,511880.SH,98.162
2023-10-16,511880.SH,98.162
2023-10-17,511880.SH,98.168
2023-10-18,511880.SH,98.188
2023-10-19,511880.SH,98.199
2023-10-20,511880.SH,98.196
2023-10-23,511880.SH,98.199
2023-10-24,511880.SH,98.199
2023-10-25,511880.SH,98.187
2023-10-26,511880.SH,98.186
2023-10-27,511880.SH,98.2
2023-10-30,511880.SH,98.208
2023-10-31,511880.SH,98.216
2023-11-01,511880.SH,98.241
2023-11-02,511880.SH,98.251
2023-11-03,511880.SH,98.242
2023-11-06,511880.SH,98.239
2023-11-07,511880.SH,98.254
2023-11-08,511880.SH,98.256
2023-11-09,511880.SH,98.261
2023-11-10,511880.SH,98.274
2023-11-13,511880.SH,98.278
2023-11-14,511880.SH,98.281
2023-11-15,511880.SH,98.281
2023-11-16,511880.SH,98.301
2023-11-17,511880.SH,98.308
2023-11-20,511880.SH,98.325
2023-11-21,511880.SH,98.324
2023-11-22,511880.SH,98.329
2023-11-23,511880.SH,98.333
2023-11-24,511880.SH,98.357
2023-11-27,511880.SH,98.349
2023-11-28,511880.SH,98.348
2023-11-29,511880.SH,98.348
2023-11-30,511880.SH,98.356
2023-12-01,511880.SH,98.385
2023-12-04,511880.SH,98.388
2023-12-05,511880.SH,98.39
2023-12-06,511880.SH,98.391
2023-12-07,511880.SH,98.401
2023-12-08,511880.SH,98.387
2023-12-11,511880.SH,98.408
2023-12-12,511880.SH,98.425
2023-12-13,511880.SH,98.438
2023-12-14,511880.SH,98.439
2023-12-15,511880.SH,98.446
2023-12-18,511880.SH,98.447
2023-12-19,511880.SH,98.449
2023-12-20,511880.SH,98.457
2023-12-21,511880.SH,98.453
2023-12-22,511880.SH,98.472
2023-12-25,511880.SH,98.483
2023-12-26,511880.SH,98.482
2023-12-27,511880.SH,98.485
2023-12-28,511880.SH,98.47
2023-12-29,511880.SH,98.551
2024-01-02,511880.SH,98.579
2024-01-03,511880.SH,98.581
2024-01-04,511880.SH,98.588
2024-01-05,511880.SH,98.605
2024-01-08,511880.SH,98.605
2024-01-09,511880.SH,98.609
2024-01-10,511880.SH,98.617
2024-01-11,511880.SH,98.615
2024-01-12,511880.SH,98.637
2024-01-15,511880.SH,98.646
2024-01-16,511880.SH,98.645
2024-01-17,511880.SH,98.649
2024-01-18,511880.SH,98.657
2024-01-19,511880.SH,98.674
2024-01-22,511880.SH,98.69
2024-01-23,511880.SH,98.682
2024-01-24,511880.SH,98.682
2024-01-25,511880.SH,98.671
2024-01-26,511880.SH,98.699
2024-01-29,511880.SH,98.707
2024-01-30,511880.SH,98.719
2024-01-31,511880.SH,98.725
2024-02-01,511880.SH,98.733
2024-02-02,511880.SH,98.745
2024-02-05,511880.SH,98.752
2024-02-06,511880.SH,98.744
2024-02-07,511880.SH,98.762
2024-02-08,511880.SH,98.856
2024-02-19,511880.SH,98.81
2024-02-20,511880.SH,98.817
2024-02-21,511880.SH,98.814
2024-02-22,511880.SH,98.817
2024-02-23,511880.SH,98.833
2024-02-26,511880.SH,98.84
2024-02-27,511880.SH,98.842
2024-02-28,511880.SH,98.841
2024-02-29,511880.SH,98.838
2024-03-01,511880.SH,98.865
2024-03-04,511880.SH,98.876
2024-03-05,511880.SH,98.885
2024-03-06,511880.SH,98.892
2024-03-07,511880.SH,98.895
2024-03-08,511880.SH,98.905
2024-03-11,511880.SH,98.907
2024-03-12,511880.SH,98.912
2024-03-13,511880.SH,98.916
2024-03-14,511880.SH,98.925
2024-03-15,511880.SH,98.94
2024-03-18,511880.SH,98.945
2024-03-19,511880.SH,98.948
2024-03-20,511880.SH,98.954
2024-03-21,511880.SH,98.96
2024-03-22,511880.SH,98.976
2024-03-25,511880.SH,98.993
2024-03-26,511880.SH,98.99
2024-03-27,511880.SH,98.981
2024-03-28,511880.SH,98.975
2024-03-29,511880.SH,99.029
2024-04-01,511880.SH,99.02
2024-04-02,511880.SH,99.05
2024-04-03,511880.SH,99.08
2024-04-08,511880.SH,99.093
2024-04-09,511880.SH,99.082
2024-04-10,511880.SH,99.082
2024-04-11,511880.SH,99.062
2024-04-12,511880.SH,99.078
2024-04-15,511880.SH,99.078
2024-04-16,511880.SH,99.086
2024-04-17,511880.SH,99.084
2024-04-18,511880.SH,99.092
2024-04-19,511880.SH,99.104
2024-04-22,511880.SH,99.107
2024-04-23,511880.SH,99.113
2024-04-24,511880.SH,99.113
2024-04-25,511880.SH,99.121
2024-04-26,511880.SH,99.121
2024-04-29,511880.SH,99.131
2024-04-30,511880.SH,99.164
2024-05-06,511880.SH,99.165
2024-05-07,511880.SH,99.173
2024-05-08,511880.SH,99.179
2024-05-09,511880.SH,99.176
2024-05-10,511880.SH,99.197
2024-05-13,511880.SH,99.196
2024-05-14,511880.SH,99.201
2024-05-15,511880.SH,99.205
2024-05-16,511880.SH,99.207
2024-05-17,511880.SH,99.216
2024-05-20,511880.SH,99.225
2024-05-21,511880.SH,99.228
2024-05-22,511880.SH,99.234
2024-05-23,511880.SH,99.253
2024-05-24,511880.SH,99.275
2024-05-27,511880.SH,99.267
2024-05-28,511880.SH,99.264
2024-05-29,511880.SH,99.257
2024-05-30,511880.SH,99.273
2024-05-31,511880.SH,99.275
2024-06-03,511880.SH,99.288
2024-06-04,511880.SH,99.287
2024-06-05,511880.SH,99.295
2024-06-06,511880.SH,99.302
2024-06-07,511880.SH,99.317
2024-06-11,511880.SH,99.317
2024-06-12,511880.SH,99.319
2024-06-13,511880.SH,99.321
2024-06-14,511880.SH,99.326
2024-06-17,511880.SH,99.338
2024-06-18,511880.SH,99.342
2024-06-19,511880.SH,99.347
2024-06-20,511880.SH,99.352
2024-06-21,511880.SH,99.362
2024-06-24,511880.SH,99.368
2024-06-25,511880.SH,99.368
2024-06-26,511880.SH,99.371
2024-06-27,511880.SH,99.38
2024-06-28,511880.SH,99.388
2024-07-01,511880.SH,99.402
2024-07-02,511880.SH,99.414
2024-07-03,511880.SH,99.409
2024-07-04,511880.SH,99.418
2024-07-05,511880.SH,99.424
2024-07-08,511880.SH,99.427
2024-07-09,511880.SH,99.422
2024-07-10,511880.SH,99.427
2024-07-11,511880.SH,99.428
2024-07-12,511880.SH,99.44
2024-07-15,511880.SH,99.45
2024-07-16,511880.SH,99.449
2024-07-17,511880.SH,99.453
2024-07-18,511880.SH,99.454
2024-07-19,511880.SH,99.471
2024-07-22,511880.SH,99.467
2024-07-23,511880.SH,99.473
2024-07-24,511880.SH,99.476
2024-07-25,511880.SH,99.478
2024-07-26,511880.SH,99.489
2024-07-29,511880.SH,99.493
2024-07-30,511880.SH,99.497
2024-07-31,511880.SH,99.491
2024-08-01,511880.SH,99.506
2024-08-02,511880.SH,99.522
2024-08-05,511880.SH,99.532
2024-08-06,511880.SH,99.532
2024-08-07,511880.SH,99.537
2024-08-08,511880.SH,99.532
2024-08-09,511880.SH,99.548
2024-08-12,511880.SH,99.552
2024-08-13,511880.SH,99.554
2024-08-14,511880.SH,99.556
2024-08-15,511880.SH,99.558
2024-08-16,511880.SH,99.573
2024-08-19,511880.SH,99.574
2024-08-20,511880.SH,99.581
2024-08-21,511880.SH,99.579
2024-08-22,511880.SH,99.592
2024-08-23,511880.SH,99.596
2024-08-26,511880.SH,99.598
2024-08-27,511880.SH,99.602
2024-08-28,511880.SH,99.606
2024-08-29,511880.SH,99.603
2024-08-30,511880.SH,99.611
2024-09-02,511880.SH,99.64
2024-09-03,511880.SH,99.633
2024-09-04,511880.SH,99.638
2024-09-05,511880.SH,99.645
2024-09-06,511880.SH,99.657
2024-09-09,511880.SH,99.65
2024-09-10,511880.SH,99.652
2024-09-11,511880.SH,99.655
2024-09-12,511880.SH,99.654
2024-09-13,511880.SH,99.679
2024-09-18,511880.SH,99.672
2024-09-19,511880.SH,99.673
2024-09-20,511880.SH,99.698
2024-09-23,511880.SH,99.699
2024-09-24,511880.SH,99.685
2024-09-25,511880.SH,99.705
2024-09-26,511880.SH,99.696
2024-09-27,511880.SH,99.764
2024-09-30,511880.SH,99.744
2024-10-08,511880.SH,99.749
2024-10-09,511880.SH,99.767
2024-10-10,511880.SH,99.826
2024-10-11,511880.SH,99.919
2024-10-14,511880.SH,99.935
2024-10-15,511880.SH,99.827
2024-10-16,511880.SH,99.785
2024-10-17,511880.SH,99.79
2024-10-18,511880.SH,99.742
2024-10-21,511880.SH,99.797
2024-10-22,511880.SH,99.804
2024-10-23,511880.SH,99.806
2024-10-24,511880.SH,99.821
2024-10-25,511880.SH,99.82
2024-10-28,511880.SH,99.826
2024-10-29,511880.SH,99.827
2024-10-30,511880.SH,99.833
2024-10-31,511880.SH,99.842
2024-11-01,511880.SH,99.858
2024-11-04,511880.SH,99.861
2024-11-05,511880.SH,99.854
2024-11-06,511880.SH,99.867
2024-11-07,511880.SH,99.855
2024-11-08,511880.SH,99.878
2024-11-11,511880.SH,99.88
2024-11-12,511880.SH,99.888
2024-11-13,511880.SH,99.887
2024-11-14,511880.SH,99.891
2024-11-15,511880.SH,99.895
2024-11-18,511880.SH,99.898
2024-11-19,511880.SH,99.9
2024-11-20,511880.SH,99.912
2024-11-21,511880.SH,99.917
2024-11-22,511880.SH,99.937
2024-11-25,511880.SH,99.927
2024-11-26,511880.SH,99.932
2024-11-27,511880.SH,99.929
2024-11-28,511880.SH,99.942
2024-11-29,511880.SH,99.942
2024-12-02,511880.SH,99.954
2024-12-03,511880.SH,99.959
2024-12-04,511880.SH,99.971
2024-12-05,511880.SH,99.969
2024-12-06,511880.SH,99.97
2024-12-09,511880.SH,99.977
2024-12-10,511880.SH,99.974
2024-12-11,511880.SH,99.979
2024-12-12,511880.SH,99.989
2024-12-13,511880.SH,100.005
2024-12-16,511880.SH,100.008
2024-12-17,511880.SH,100.009
2024-12-18,511880.SH,100.01
2024-12-19,511880.SH,100.011
2024-12-20,511880.SH,100.021
2024-12-23,511880.SH,100.023
2024-12-24,511880.SH,100.023
2024-12-25,511880.SH,100.03
2024-12-26,511880.SH,100.031
2024-12-27,511880.SH,100.047
2024-12-30,511880.SH,100.058
2024-12-31,511880.SH,100.093
2025-01-02,511880.SH,100.071
2025-01-03,511880.SH,100.079
2025-01-06,511880.SH,100.081
2025-01-07,511880.SH,100.089
2025-01-08,511880.SH,100.122
2025-01-09,511880.SH,100.11
2025-01-10,511880.SH,100.119
2025-01-13,511880.SH,100.103
2025-01-14,511880.SH,100.095
2025-01-15,511880.SH,100.114
2025-01-16,511880.SH,100.105
2025-01-17,511880.SH,100.113
2025-01-20,511880.SH,100.107
2025-01-21,511880.SH,100.12
2025-01-22,511880.SH,100.129
2025-01-23,511880.SH,100.123
2025-01-24,511880.SH,100.125
2025-01-27,511880.SH,100.19
2025-02-05,511880.SH,100.2
2025-02-06,511880.SH,100.191
2025-02-07,511880.SH,100.195
2025-02-10,511880.SH,100.196
2025-02-11,511880.SH,100.205
2025-02-12,511880.SH,100.203
2025-02-13,511880.SH,100.21
2025-02-14,511880.SH,100.229
2025-02-17,511880.SH,100.235
2025-02-18,511880.SH,100.224
2025-02-19,511880.SH,100.223
2025-02-20,511880.SH,100.235
2025-02-21,511880.SH,100.232
2025-02-24,511880.SH,100.245
2025-02-25,511880.SH,100.25
2025-02-26,511880.SH,100.249
2025-02-27,511880.SH,100.258
2025-02-28,511880.SH,100.267
2025-03-03,511880.SH,100.276
2025-03-04,511880.SH,100.281
2025-03-05,511880.SH,100.291
2025-03-06,511880.SH,100.282
2025-03-07,511880.SH,100.291
2025-03-10,511880.SH,100.298
2025-03-11,511880.SH,100.305
2025-03-12,511880.SH,100.308
2025-03-13,511880.SH,100.324
2025-03-14,511880.SH,100.312
2025-03-17,511880.SH,100.314
2025-03-18,511880.SH,100.306
2025-03-19,511880.SH,100.321
2025-03-20,511880.SH,100.34
2025-03-21,511880.SH,100.372
2025-03-24,511880.SH,100.38
2025-03-25,511880.SH,100.393
2025-03-26,511880.SH,100.378
2025-03-27,511880.SH,100.365
2025-03-28,511880.SH,100.363
2025-03-31,511880.SH,100.37
2025-04-01,511880.SH,100.391
2025-04-02,511880.SH,100.399
2025-04-03,511880.SH,100.404
2025-04-07,511880.SH,100.395
2025-04-08,511880.SH,100.403
2025-04-09,511880.SH,100.408
2025-04-10,511880.SH,100.411
2025-04-11,511880.SH,100.418
2025-04-14,511880.SH,100.425
2025-04-15,511880.SH,100.434
2025-04-16,511880.SH,100.439
2025-04-17,511880.SH,100.435
2025-04-18,511880.SH,100.442
2025-04-21,511880.SH,100.439
2025-04-22,511880.SH,100.444
2025-04-23,511880.SH,100.444
2025-04-24,511880.SH,100.451
2025-04-25,511880.SH,100.457
2025-04-28,511880.SH,100.455
2025-04-29,511880.SH,100.457
2025-04-30,511880.SH,100.482
2025-05-06,511880.SH,100.482
2025-05-07,511880.SH,100.485
2025-05-08,511880.SH,100.49
2025-05-09,511880.SH,100.502
2025-05-12,511880.SH,100.503
2025-05-13,511880.SH,100.509
2025-05-14,511880.SH,100.511
2025-05-15,511880.SH,100.524
2025-05-16,511880.SH,100.528
2025-05-19,511880.SH,100.536
2025-05-20,511880.SH,100.533
2025-05-21,511880.SH,100.535
2025-05-22,511880.SH,100.543
2025-05-23,511880.SH,100.551
2025-05-26,511880.SH,100.55
2025-05-27,511880.SH,100.549
2025-05-28,511880.SH,100.554
2025-05-29,511880.SH,100.556
2025-05-30,511880.SH,100.579
2025-06-03,511880.SH,100.575
2025-06-04,511880.SH,100.577
2025-06-05,511880.SH,100.579
2025-06-06,511880.SH,100.591
2025-06-09,511880.SH,100.591
2025-06-10,511880.SH,100.596
2025-06-11,511880.SH,100.596
2025-06-12,511880.SH,100.599
2025-06-13,511880.SH,100.613
2025-06-16,511880.SH,100.612
2025-06-17,511880.SH,100.613
2025-06-18,511880.SH,100.627
2025-06-19,511880.SH,100.64
2025-06-20,511880.SH,100.643
2025-06-23,511880.SH,100.637
2025-06-24,511880.SH,100.637
2025-06-25,511880.SH,100.636
2025-06-26,511880.SH,100.644
2025-06-27,511880.SH,100.662
2025-06-30,511880.SH,100.711
2025-07-01,511880.SH,100.671
2025-07-02,511880.SH,100.67
2025-07-03,511880.SH,100.678
2025-07-04,511880.SH,100.7
2025-07-07,511880.SH,100.693
2025-07-08,511880.SH,100.683
2025-07-09,511880.SH,100.684
2025-07-10,511880.SH,100.69
2025-07-11,511880.SH,100.695
2025-07-14,511880.SH,100.701
2025-07-15,511880.SH,100.709
2025-07-16,511880.SH,100.715
2025-07-17,511880.SH,100.718
2025-07-18,511880.SH,100.721
2025-07-21,511880.SH,100.721
2025-07-22,511880.SH,100.72
2025-07-23,511880.SH,100.726
2025-07-24,511880.SH,100.733
2025-07-25,511880.SH,100.745
2025-07-28,511880.SH,100.748
2025-07-29,511880.SH,100.743
2025-07-30,511880.SH,100.749
2025-07-31,511880.SH,100.774
2025-08-01,511880.SH,100.798
2025-08-04,511880.SH,100.778
2025-08-05,511880.SH,100.767
2025-08-06,511880.SH,100.768
2025-08-07,511880.SH,100.776
2025-08-08,511880.SH,100.78
2025-08-11,511880.SH,100.774
2025-08-12,511880.SH,100.784
2025-08-13,511880.SH,100.787
2025-08-14,511880.SH,100.794
2025-08-15,511880.SH,100.801
2025-08-18,511880.SH,100.801
2025-08-19,511880.SH,100.805
2025-08-20,511880.SH,100.817
2025-08-21,511880.SH,100.845
2025-08-22,511880.SH,100.833
2025-08-25,511880.SH,100.827
2025-08-26,511880.SH,100.83
2025-08-27,511880.SH,100.837
2025-08-28,511880.SH,100.859
2025-08-29,511880.SH,100.884
2025-09-01,511880.SH,100.902
2025-09-02,511880.SH,100.924
2025-09-03,511880.SH,100.891
2025-09-04,511880.SH,100.872
2025-09-05,511880.SH,100.854
2025-09-08,511880.SH,100.862
2025-09-09,511880.SH,100.865
2025-09-10,511880.SH,100.869
2025-09-11,511880.SH,100.872
2025-09-12,511880.SH,100.881
2025-09-15,511880.SH,100.885
2025-09-16,511880.SH,100.877
2025-09-17,511880.SH,100.887
2025-09-18,511880.SH,100.912
2025-09-19,511880.SH,100.916
2025-09-22,511880.SH,100.912
2025-09-23,511880.SH,100.925
2025-09-24,511880.SH,100.907
2025-09-25,511880.SH,100.91
2025-09-26,511880.SH,100.925
2025-09-29,511880.SH,100.928
2025-09-30,511880.SH,100.98
2025-10-09,511880.SH,100.948
2025-10-10,511880.SH,100.972
2025-10-13,511880.SH,100.969
2025-10-14,511880.SH,100.98
2025-10-15,511880.SH,100.974
2025-10-16,511880.SH,100.991
2025-10-17,511880.SH,101.013
2025-10-20,511880.SH,101.033
2025-10-21,511880.SH,101.0
2025-10-22,511880.SH,101.007
2025-10-23,511880.SH,101.002
2025-10-24,511880.SH,101.011
2025-10-27,511880.SH,101.007
2025-10-28,511880.SH,101.009
2025-10-29,511880.SH,101.012
2025-10-30,511880.SH,101.041
2025-10-31,511880.SH,101.026
2025-11-03,511880.SH,101.028
2025-11-04,511880.SH,101.043
2025-11-05,511880.SH,101.048
2025-11-06,511880.SH,101.056
2025-11-07,511880.SH,101.058
2025-11-10,511880.SH,101.052
2025-11-11,511880.SH,101.058
2025-11-12,511880.SH,101.059
2025-11-13,511880.SH,101.066
2025-11-14,511880.SH,101.075
2025-11-17,511880.SH,101.074
2025-11-18,511880.SH,101.08
2025-11-19,511880.SH,101.085
2025-11-20,511880.SH,101.105
2025-11-21,511880.SH,101.105
2025-11-24,511880.SH,101.098
2025-11-25,511880.SH,101.104
